Command line invocation:
    /Applications/Xcode_16.4.app/Contents/Developer/usr/bin/xcodebuild -project App/Pantry.xcodeproj -scheme Pantry -configuration Debug -destination "generic/platform=iOS Simulator" -derivedDataPath build CODE_SIGNING_ALLOWED=NO build

Build settings from command line:
    CODE_SIGNING_ALLOWED = NO

Resolve Package Graph


Resolved source packages:
  Pantry: /Users/runner/work/Super-Chef/Super-Chef @ local

ComputePackagePrebuildTargetDependencyGraph

Prepare packages

CreateBuildRequest

SendProjectDescription

CreateBuildOperation

ComputeTargetDependencyGraph
note: Building targets in dependency order
note: Target dependency graph (6 targets)
    Target 'Pantry' in project 'Pantry'
        ➜ Explicit dependency on target 'PantryUI' in project 'Pantry'
    Target 'PantryUI' in project 'Pantry'
        ➜ Explicit dependency on target 'PantryUI' in project 'Pantry'
        ➜ Explicit dependency on target 'PantryScoring' in project 'Pantry'
        ➜ Explicit dependency on target 'PantryGame' in project 'Pantry'
    Target 'PantryUI' in project 'Pantry'
        ➜ Explicit dependency on target 'PantryScoring' in project 'Pantry'
        ➜ Explicit dependency on target 'PantryGame' in project 'Pantry'
    Target 'PantryGame' in project 'Pantry'
        ➜ Explicit dependency on target 'PantryScoring' in project 'Pantry'
    Target 'PantryScoring' in project 'Pantry'
        ➜ Explicit dependency on target 'Pantry_PantryScoring' in project 'Pantry'
    Target 'Pantry_PantryScoring' in project 'Pantry' (no dependencies)

GatherProvisioningInputs

CreateBuildDescription

ExecuteExternalTool /Applications/Xcode_16.4.app/Contents/Developer/Toolchains/XcodeDefault.xctoolchain/usr/bin/swiftc --version

ExecuteExternalTool /Applications/Xcode_16.4.app/Contents/Developer/usr/bin/actool --print-asset-tag-combinations --output-format xml1 /Users/runner/work/Super-Chef/Super-Chef/App/Pantry/Assets.xcassets

ExecuteExternalTool /Applications/Xcode_16.4.app/Contents/Developer/Toolchains/XcodeDefault.xctoolchain/usr/bin/clang -v -E -dM -isysroot /Applications/Xcode_16.4.app/Contents/Developer/Platforms/iPhoneSimulator.platform/Developer/SDKs/iPhoneSimulator18.5.sdk -x c -c /dev/null

ExecuteExternalTool /Applications/Xcode_16.4.app/Contents/Developer/Toolchains/XcodeDefault.xctoolchain/usr/bin/ld -version_details

ExecuteExternalTool /Applications/Xcode_16.4.app/Contents/Developer/usr/bin/actool --version --output-format xml1

Build description signature: e6bbd2c580bbc2107b15322f3ccce8da
Build description path: /Users/runner/work/Super-Chef/Super-Chef/build/Build/Intermediates.noindex/XCBuildData/e6bbd2c580bbc2107b15322f3ccce8da.xcbuilddata
ClangStatCache /Applications/Xcode_16.4.app/Contents/Developer/Toolchains/XcodeDefault.xctoolchain/usr/bin/clang-stat-cache /Applications/Xcode_16.4.app/Contents/Developer/Platforms/iPhoneSimulator.platform/Developer/SDKs/iPhoneSimulator18.5.sdk /Users/runner/work/Super-Chef/Super-Chef/build/SDKStatCaches.noindex/iphonesimulator18.5-22F76-96ae0914227b19deccb34b33ba7b5dea.sdkstatcache
    cd /Users/runner/work/Super-Chef/Super-Chef/App/Pantry.xcodeproj
    /Applications/Xcode_16.4.app/Contents/Developer/Toolchains/XcodeDefault.xctoolchain/usr/bin/clang-stat-cache /Applications/Xcode_16.4.app/Contents/Developer/Platforms/iPhoneSimulator.platform/Developer/SDKs/iPhoneSimulator18.5.sdk -o /Users/runner/work/Super-Chef/Super-Chef/build/SDKStatCaches.noindex/iphonesimulator18.5-22F76-96ae0914227b19deccb34b33ba7b5dea.sdkstatcache

CreateBuildDirectory /Users/runner/work/Super-Chef/Super-Chef/build/Build/Products
    cd /Users/runner/work/Super-Chef/Super-Chef/App/Pantry.xcodeproj
    builtin-create-build-directory /Users/runner/work/Super-Chef/Super-Chef/build/Build/Products

CreateBuildDirectory /Users/runner/work/Super-Chef/Super-Chef/build/Build/Intermediates.noindex
    cd /Users/runner/work/Super-Chef/Super-Chef/App/Pantry.xcodeproj
    builtin-create-build-directory /Users/runner/work/Super-Chef/Super-Chef/build/Build/Intermediates.noindex

CreateBuildDirectory /Users/runner/work/Super-Chef/Super-Chef/build/Build/Products/Debug-iphonesimulator
    cd /Users/runner/work/Super-Chef/Super-Chef/App/Pantry.xcodeproj
    builtin-create-build-directory /Users/runner/work/Super-Chef/Super-Chef/build/Build/Products/Debug-iphonesimulator

WriteAuxiliaryFile /Users/runner/work/Super-Chef/Super-Chef/build/Build/Intermediates.noindex/Pantry.build/Debug-iphonesimulator/Pantry-c9fb38ddeae11554ad9454571f8ea7aa-VFS-iphonesimulator/all-product-headers.yaml
    cd /Users/runner/work/Super-Chef/Super-Chef/App/Pantry.xcodeproj
    write-file /Users/runner/work/Super-Chef/Super-Chef/build/Build/Intermediates.noindex/Pantry.build/Debug-iphonesimulator/Pantry-c9fb38ddeae11554ad9454571f8ea7aa-VFS-iphonesimulator/all-product-headers.yaml

CreateBuildDirectory /Users/runner/work/Super-Chef/Super-Chef/build/Build/Intermediates.noindex/EagerLinkingTBDs/Debug-iphonesimulator
    cd /Users/runner/work/Super-Chef/Super-Chef/App/Pantry.xcodeproj
    builtin-create-build-directory /Users/runner/work/Super-Chef/Super-Chef/build/Build/Intermediates.noindex/EagerLinkingTBDs/Debug-iphonesimulator

CreateBuildDirectory /Users/runner/work/Super-Chef/Super-Chef/build/Build/Products/Debug-iphonesimulator/PackageFrameworks
    cd /Users/runner/work/Super-Chef/Super-Chef/App/Pantry.xcodeproj
    builtin-create-build-directory /Users/runner/work/Super-Chef/Super-Chef/build/Build/Products/Debug-iphonesimulator/PackageFrameworks

WriteAuxiliaryFile /Users/runner/work/Super-Chef/Super-Chef/build/Build/Intermediates.noindex/Pantry.build/Debug-iphonesimulator/Pantry_PantryScoring.build/empty-Pantry_PantryScoring.plist (in target 'Pantry_PantryScoring' from project 'Pantry' at path '/Users/runner/work/Super-Chef/Super-Chef/Package.swift')
    cd /Users/runner/work/Super-Chef/Super-Chef
    write-file /Users/runner/work/Super-Chef/Super-Chef/build/Build/Intermediates.noindex/Pantry.build/Debug-iphonesimulator/Pantry_PantryScoring.build/empty-Pantry_PantryScoring.plist

WriteAuxiliaryFile /Users/runner/work/Super-Chef/Super-Chef/build/Build/Intermediates.noindex/Pantry.build/Debug-iphonesimulator/Pantry_PantryScoring.build/Pantry_PantryScoring.DependencyStaticMetadataFileList (in target 'Pantry_PantryScoring' from project 'Pantry' at path '/Users/runner/work/Super-Chef/Super-Chef/Package.swift')
    cd /Users/runner/work/Super-Chef/Super-Chef
    write-file /Users/runner/work/Super-Chef/Super-Chef/build/Build/Intermediates.noindex/Pantry.build/Debug-iphonesimulator/Pantry_PantryScoring.build/Pantry_PantryScoring.DependencyStaticMetadataFileList

WriteAuxiliaryFile /Users/runner/work/Super-Chef/Super-Chef/build/Build/Intermediates.noindex/Pantry.build/Debug-iphonesimulator/Pantry_PantryScoring.build/Pantry_PantryScoring.DependencyMetadataFileList (in target 'Pantry_PantryScoring' from project 'Pantry' at path '/Users/runner/work/Super-Chef/Super-Chef/Package.swift')
    cd /Users/runner/work/Super-Chef/Super-Chef
    write-file /Users/runner/work/Super-Chef/Super-Chef/build/Build/Intermediates.noindex/Pantry.build/Debug-iphonesimulator/Pantry_PantryScoring.build/Pantry_PantryScoring.DependencyMetadataFileList

WriteAuxiliaryFile /Users/runner/work/Super-Chef/Super-Chef/build/Build/Intermediates.noindex/Pantry.build/Debug-iphonesimulator/PantryUI.build/PantryUI.modulemap (in target 'PantryUI' from project 'Pantry' at path '/Users/runner/work/Super-Chef/Super-Chef/Package.swift')
    cd /Users/runner/work/Super-Chef/Super-Chef
    write-file /Users/runner/work/Super-Chef/Super-Chef/build/Build/Intermediates.noindex/Pantry.build/Debug-iphonesimulator/PantryUI.build/PantryUI.modulemap

WriteAuxiliaryFile /Users/runner/work/Super-Chef/Super-Chef/build/Build/Intermediates.noindex/Pantry.build/Debug-iphonesimulator/PantryUI.build/PantryUI.DependencyStaticMetadataFileList (in target 'PantryUI' from project 'Pantry' at path '/Users/runner/work/Super-Chef/Super-Chef/Package.swift')
    cd /Users/runner/work/Super-Chef/Super-Chef
    write-file /Users/runner/work/Super-Chef/Super-Chef/build/Build/Intermediates.noindex/Pantry.build/Debug-iphonesimulator/PantryUI.build/PantryUI.DependencyStaticMetadataFileList

WriteAuxiliaryFile /Users/runner/work/Super-Chef/Super-Chef/build/Build/Intermediates.noindex/Pantry.build/Debug-iphonesimulator/PantryUI.build/PantryUI.DependencyMetadataFileList (in target 'PantryUI' from project 'Pantry' at path '/Users/runner/work/Super-Chef/Super-Chef/Package.swift')
    cd /Users/runner/work/Super-Chef/Super-Chef
    write-file /Users/runner/work/Super-Chef/Super-Chef/build/Build/Intermediates.noindex/Pantry.build/Debug-iphonesimulator/PantryUI.build/PantryUI.DependencyMetadataFileList

WriteAuxiliaryFile /Users/runner/work/Super-Chef/Super-Chef/build/Build/Intermediates.noindex/Pantry.build/Debug-iphonesimulator/PantryUI.build/Objects-normal/x86_64/PantryUI_const_extract_protocols.json (in target 'PantryUI' from project 'Pantry' at path '/Users/runner/work/Super-Chef/Super-Chef/Package.swift')
    cd /Users/runner/work/Super-Chef/Super-Chef
    write-file /Users/runner/work/Super-Chef/Super-Chef/build/Build/Intermediates.noindex/Pantry.build/Debug-iphonesimulator/PantryUI.build/Objects-normal/x86_64/PantryUI_const_extract_protocols.json

WriteAuxiliaryFile /Users/runner/work/Super-Chef/Super-Chef/build/Build/Intermediates.noindex/Pantry.build/Debug-iphonesimulator/PantryUI.build/Objects-normal/x86_64/PantryUI.SwiftFileList (in target 'PantryUI' from project 'Pantry' at path '/Users/runner/work/Super-Chef/Super-Chef/Package.swift')
    cd /Users/runner/work/Super-Chef/Super-Chef
    write-file /Users/runner/work/Super-Chef/Super-Chef/build/Build/Intermediates.noindex/Pantry.build/Debug-iphonesimulator/PantryUI.build/Objects-normal/x86_64/PantryUI.SwiftFileList

WriteAuxiliaryFile /Users/runner/work/Super-Chef/Super-Chef/build/Build/Intermediates.noindex/Pantry.build/Debug-iphonesimulator/PantryUI.build/Objects-normal/x86_64/PantryUI.SwiftConstValuesFileList (in target 'PantryUI' from project 'Pantry' at path '/Users/runner/work/Super-Chef/Super-Chef/Package.swift')
    cd /Users/runner/work/Super-Chef/Super-Chef
    write-file /Users/runner/work/Super-Chef/Super-Chef/build/Build/Intermediates.noindex/Pantry.build/Debug-iphonesimulator/PantryUI.build/Objects-normal/x86_64/PantryUI.SwiftConstValuesFileList

WriteAuxiliaryFile /Users/runner/work/Super-Chef/Super-Chef/build/Build/Intermediates.noindex/Pantry.build/Debug-iphonesimulator/PantryUI.build/Objects-normal/x86_64/PantryUI.LinkFileList (in target 'PantryUI' from project 'Pantry' at path '/Users/runner/work/Super-Chef/Super-Chef/Package.swift')
    cd /Users/runner/work/Super-Chef/Super-Chef
    write-file /Users/runner/work/Super-Chef/Super-Chef/build/Build/Intermediates.noindex/Pantry.build/Debug-iphonesimulator/PantryUI.build/Objects-normal/x86_64/PantryUI.LinkFileList

WriteAuxiliaryFile /Users/runner/work/Super-Chef/Super-Chef/build/Build/Intermediates.noindex/Pantry.build/Debug-iphonesimulator/PantryUI.build/Objects-normal/x86_64/PantryUI-OutputFileMap.json (in target 'PantryUI' from project 'Pantry' at path '/Users/runner/work/Super-Chef/Super-Chef/Package.swift')
    cd /Users/runner/work/Super-Chef/Super-Chef
    write-file /Users/runner/work/Super-Chef/Super-Chef/build/Build/Intermediates.noindex/Pantry.build/Debug-iphonesimulator/PantryUI.build/Objects-normal/x86_64/PantryUI-OutputFileMap.json

WriteAuxiliaryFile /Users/runner/work/Super-Chef/Super-Chef/build/Build/Intermediates.noindex/Pantry.build/Debug-iphonesimulator/PantryUI.build/Objects-normal/arm64/PantryUI_const_extract_protocols.json (in target 'PantryUI' from project 'Pantry' at path '/Users/runner/work/Super-Chef/Super-Chef/Package.swift')
    cd /Users/runner/work/Super-Chef/Super-Chef
    write-file /Users/runner/work/Super-Chef/Super-Chef/build/Build/Intermediates.noindex/Pantry.build/Debug-iphonesimulator/PantryUI.build/Objects-normal/arm64/PantryUI_const_extract_protocols.json

WriteAuxiliaryFile /Users/runner/work/Super-Chef/Super-Chef/build/Build/Intermediates.noindex/Pantry.build/Debug-iphonesimulator/PantryUI.build/Objects-normal/arm64/PantryUI.SwiftFileList (in target 'PantryUI' from project 'Pantry' at path '/Users/runner/work/Super-Chef/Super-Chef/Package.swift')
    cd /Users/runner/work/Super-Chef/Super-Chef
    write-file /Users/runner/work/Super-Chef/Super-Chef/build/Build/Intermediates.noindex/Pantry.build/Debug-iphonesimulator/PantryUI.build/Objects-normal/arm64/PantryUI.SwiftFileList

WriteAuxiliaryFile /Users/runner/work/Super-Chef/Super-Chef/build/Build/Intermediates.noindex/Pantry.build/Debug-iphonesimulator/PantryUI.build/Objects-normal/arm64/PantryUI.LinkFileList (in target 'PantryUI' from project 'Pantry' at path '/Users/runner/work/Super-Chef/Super-Chef/Package.swift')
    cd /Users/runner/work/Super-Chef/Super-Chef
    write-file /Users/runner/work/Super-Chef/Super-Chef/build/Build/Intermediates.noindex/Pantry.build/Debug-iphonesimulator/PantryUI.build/Objects-normal/arm64/PantryUI.LinkFileList

WriteAuxiliaryFile /Users/runner/work/Super-Chef/Super-Chef/build/Build/Intermediates.noindex/Pantry.build/Debug-iphonesimulator/PantryUI.build/Objects-normal/arm64/PantryUI.SwiftConstValuesFileList (in target 'PantryUI' from project 'Pantry' at path '/Users/runner/work/Super-Chef/Super-Chef/Package.swift')
    cd /Users/runner/work/Super-Chef/Super-Chef
    write-file /Users/runner/work/Super-Chef/Super-Chef/build/Build/Intermediates.noindex/Pantry.build/Debug-iphonesimulator/PantryUI.build/Objects-normal/arm64/PantryUI.SwiftConstValuesFileList

WriteAuxiliaryFile /Users/runner/work/Super-Chef/Super-Chef/build/Build/Intermediates.noindex/Pantry.build/Debug-iphonesimulator/PantryUI.build/Objects-normal/arm64/PantryUI-OutputFileMap.json (in target 'PantryUI' from project 'Pantry' at path '/Users/runner/work/Super-Chef/Super-Chef/Package.swift')
    cd /Users/runner/work/Super-Chef/Super-Chef
    write-file /Users/runner/work/Super-Chef/Super-Chef/build/Build/Intermediates.noindex/Pantry.build/Debug-iphonesimulator/PantryUI.build/Objects-normal/arm64/PantryUI-OutputFileMap.json

Copy /Users/runner/work/Super-Chef/Super-Chef/build/Build/Intermediates.noindex/GeneratedModuleMaps-iphonesimulator/PantryUI.modulemap /Users/runner/work/Super-Chef/Super-Chef/build/Build/Intermediates.noindex/Pantry.build/Debug-iphonesimulator/PantryUI.build/PantryUI.modulemap (in target 'PantryUI' from project 'Pantry' at path '/Users/runner/work/Super-Chef/Super-Chef/Package.swift')
    cd /Users/runner/work/Super-Chef/Super-Chef
    builtin-copy -exclude .DS_Store -exclude CVS -exclude .svn -exclude .git -exclude .hg -resolve-src-symlinks /Users/runner/work/Super-Chef/Super-Chef/build/Build/Intermediates.noindex/Pantry.build/Debug-iphonesimulator/PantryUI.build/PantryUI.modulemap /Users/runner/work/Super-Chef/Super-Chef/build/Build/Intermediates.noindex/GeneratedModuleMaps-iphonesimulator

WriteAuxiliaryFile /Users/runner/work/Super-Chef/Super-Chef/build/Build/Intermediates.noindex/Pantry.build/Debug-iphonesimulator/PantryScoring.build/PantryScoring.modulemap (in target 'PantryScoring' from project 'Pantry' at path '/Users/runner/work/Super-Chef/Super-Chef/Package.swift')
    cd /Users/runner/work/Super-Chef/Super-Chef
    write-file /Users/runner/work/Super-Chef/Super-Chef/build/Build/Intermediates.noindex/Pantry.build/Debug-iphonesimulator/PantryScoring.build/PantryScoring.modulemap

WriteAuxiliaryFile /Users/runner/work/Super-Chef/Super-Chef/build/Build/Intermediates.noindex/Pantry.build/Debug-iphonesimulator/PantryScoring.build/PantryScoring.DependencyStaticMetadataFileList (in target 'PantryScoring' from project 'Pantry' at path '/Users/runner/work/Super-Chef/Super-Chef/Package.swift')
    cd /Users/runner/work/Super-Chef/Super-Chef
    write-file /Users/runner/work/Super-Chef/Super-Chef/build/Build/Intermediates.noindex/Pantry.build/Debug-iphonesimulator/PantryScoring.build/PantryScoring.DependencyStaticMetadataFileList

WriteAuxiliaryFile /Users/runner/work/Super-Chef/Super-Chef/build/Build/Intermediates.noindex/Pantry.build/Debug-iphonesimulator/PantryScoring.build/PantryScoring.DependencyMetadataFileList (in target 'PantryScoring' from project 'Pantry' at path '/Users/runner/work/Super-Chef/Super-Chef/Package.swift')
    cd /Users/runner/work/Super-Chef/Super-Chef
    write-file /Users/runner/work/Super-Chef/Super-Chef/build/Build/Intermediates.noindex/Pantry.build/Debug-iphonesimulator/PantryScoring.build/PantryScoring.DependencyMetadataFileList

WriteAuxiliaryFile /Users/runner/work/Super-Chef/Super-Chef/build/Build/Intermediates.noindex/Pantry.build/Debug-iphonesimulator/PantryScoring.build/Objects-normal/x86_64/PantryScoring_const_extract_protocols.json (in target 'PantryScoring' from project 'Pantry' at path '/Users/runner/work/Super-Chef/Super-Chef/Package.swift')
    cd /Users/runner/work/Super-Chef/Super-Chef
    write-file /Users/runner/work/Super-Chef/Super-Chef/build/Build/Intermediates.noindex/Pantry.build/Debug-iphonesimulator/PantryScoring.build/Objects-normal/x86_64/PantryScoring_const_extract_protocols.json

WriteAuxiliaryFile /Users/runner/work/Super-Chef/Super-Chef/build/Build/Intermediates.noindex/Pantry.build/Debug-iphonesimulator/PantryScoring.build/Objects-normal/x86_64/PantryScoring.SwiftFileList (in target 'PantryScoring' from project 'Pantry' at path '/Users/runner/work/Super-Chef/Super-Chef/Package.swift')
    cd /Users/runner/work/Super-Chef/Super-Chef
    write-file /Users/runner/work/Super-Chef/Super-Chef/build/Build/Intermediates.noindex/Pantry.build/Debug-iphonesimulator/PantryScoring.build/Objects-normal/x86_64/PantryScoring.SwiftFileList

WriteAuxiliaryFile /Users/runner/work/Super-Chef/Super-Chef/build/Build/Intermediates.noindex/Pantry.build/Debug-iphonesimulator/PantryScoring.build/Objects-normal/x86_64/PantryScoring.SwiftConstValuesFileList (in target 'PantryScoring' from project 'Pantry' at path '/Users/runner/work/Super-Chef/Super-Chef/Package.swift')
    cd /Users/runner/work/Super-Chef/Super-Chef
    write-file /Users/runner/work/Super-Chef/Super-Chef/build/Build/Intermediates.noindex/Pantry.build/Debug-iphonesimulator/PantryScoring.build/Objects-normal/x86_64/PantryScoring.SwiftConstValuesFileList

WriteAuxiliaryFile /Users/runner/work/Super-Chef/Super-Chef/build/Build/Intermediates.noindex/Pantry.build/Debug-iphonesimulator/PantryScoring.build/Objects-normal/x86_64/PantryScoring.LinkFileList (in target 'PantryScoring' from project 'Pantry' at path '/Users/runner/work/Super-Chef/Super-Chef/Package.swift')
    cd /Users/runner/work/Super-Chef/Super-Chef
    write-file /Users/runner/work/Super-Chef/Super-Chef/build/Build/Intermediates.noindex/Pantry.build/Debug-iphonesimulator/PantryScoring.build/Objects-normal/x86_64/PantryScoring.LinkFileList

WriteAuxiliaryFile /Users/runner/work/Super-Chef/Super-Chef/build/Build/Intermediates.noindex/Pantry.build/Debug-iphonesimulator/PantryScoring.build/Objects-normal/x86_64/PantryScoring-OutputFileMap.json (in target 'PantryScoring' from project 'Pantry' at path '/Users/runner/work/Super-Chef/Super-Chef/Package.swift')
    cd /Users/runner/work/Super-Chef/Super-Chef
    write-file /Users/runner/work/Super-Chef/Super-Chef/build/Build/Intermediates.noindex/Pantry.build/Debug-iphonesimulator/PantryScoring.build/Objects-normal/x86_64/PantryScoring-OutputFileMap.json

WriteAuxiliaryFile /Users/runner/work/Super-Chef/Super-Chef/build/Build/Intermediates.noindex/Pantry.build/Debug-iphonesimulator/PantryScoring.build/Objects-normal/arm64/PantryScoring_const_extract_protocols.json (in target 'PantryScoring' from project 'Pantry' at path '/Users/runner/work/Super-Chef/Super-Chef/Package.swift')
    cd /Users/runner/work/Super-Chef/Super-Chef
    write-file /Users/runner/work/Super-Chef/Super-Chef/build/Build/Intermediates.noindex/Pantry.build/Debug-iphonesimulator/PantryScoring.build/Objects-normal/arm64/PantryScoring_const_extract_protocols.json

WriteAuxiliaryFile /Users/runner/work/Super-Chef/Super-Chef/build/Build/Intermediates.noindex/Pantry.build/Debug-iphonesimulator/PantryScoring.build/Objects-normal/arm64/PantryScoring.SwiftFileList (in target 'PantryScoring' from project 'Pantry' at path '/Users/runner/work/Super-Chef/Super-Chef/Package.swift')
    cd /Users/runner/work/Super-Chef/Super-Chef
    write-file /Users/runner/work/Super-Chef/Super-Chef/build/Build/Intermediates.noindex/Pantry.build/Debug-iphonesimulator/PantryScoring.build/Objects-normal/arm64/PantryScoring.SwiftFileList

WriteAuxiliaryFile /Users/runner/work/Super-Chef/Super-Chef/build/Build/Intermediates.noindex/Pantry.build/Debug-iphonesimulator/PantryScoring.build/Objects-normal/arm64/PantryScoring.SwiftConstValuesFileList (in target 'PantryScoring' from project 'Pantry' at path '/Users/runner/work/Super-Chef/Super-Chef/Package.swift')
    cd /Users/runner/work/Super-Chef/Super-Chef
    write-file /Users/runner/work/Super-Chef/Super-Chef/build/Build/Intermediates.noindex/Pantry.build/Debug-iphonesimulator/PantryScoring.build/Objects-normal/arm64/PantryScoring.SwiftConstValuesFileList

WriteAuxiliaryFile /Users/runner/work/Super-Chef/Super-Chef/build/Build/Intermediates.noindex/Pantry.build/Debug-iphonesimulator/PantryScoring.build/Objects-normal/arm64/PantryScoring.LinkFileList (in target 'PantryScoring' from project 'Pantry' at path '/Users/runner/work/Super-Chef/Super-Chef/Package.swift')
    cd /Users/runner/work/Super-Chef/Super-Chef
    write-file /Users/runner/work/Super-Chef/Super-Chef/build/Build/Intermediates.noindex/Pantry.build/Debug-iphonesimulator/PantryScoring.build/Objects-normal/arm64/PantryScoring.LinkFileList

WriteAuxiliaryFile /Users/runner/work/Super-Chef/Super-Chef/build/Build/Intermediates.noindex/Pantry.build/Debug-iphonesimulator/PantryScoring.build/Objects-normal/arm64/PantryScoring-OutputFileMap.json (in target 'PantryScoring' from project 'Pantry' at path '/Users/runner/work/Super-Chef/Super-Chef/Package.swift')
    cd /Users/runner/work/Super-Chef/Super-Chef
    write-file /Users/runner/work/Super-Chef/Super-Chef/build/Build/Intermediates.noindex/Pantry.build/Debug-iphonesimulator/PantryScoring.build/Objects-normal/arm64/PantryScoring-OutputFileMap.json

WriteAuxiliaryFile /Users/runner/work/Super-Chef/Super-Chef/build/Build/Intermediates.noindex/Pantry.build/Debug-iphonesimulator/PantryScoring.build/DerivedSources/resource_bundle_accessor.swift (in target 'PantryScoring' from project 'Pantry' at path '/Users/runner/work/Super-Chef/Super-Chef/Package.swift')
    cd /Users/runner/work/Super-Chef/Super-Chef
    write-file /Users/runner/work/Super-Chef/Super-Chef/build/Build/Intermediates.noindex/Pantry.build/Debug-iphonesimulator/PantryScoring.build/DerivedSources/resource_bundle_accessor.swift

Copy /Users/runner/work/Super-Chef/Super-Chef/build/Build/Intermediates.noindex/GeneratedModuleMaps-iphonesimulator/PantryScoring.modulemap /Users/runner/work/Super-Chef/Super-Chef/build/Build/Intermediates.noindex/Pantry.build/Debug-iphonesimulator/PantryScoring.build/PantryScoring.modulemap (in target 'PantryScoring' from project 'Pantry' at path '/Users/runner/work/Super-Chef/Super-Chef/Package.swift')
    cd /Users/runner/work/Super-Chef/Super-Chef
    builtin-copy -exclude .DS_Store -exclude CVS -exclude .svn -exclude .git -exclude .hg -resolve-src-symlinks /Users/runner/work/Super-Chef/Super-Chef/build/Build/Intermediates.noindex/Pantry.build/Debug-iphonesimulator/PantryScoring.build/PantryScoring.modulemap /Users/runner/work/Super-Chef/Super-Chef/build/Build/Intermediates.noindex/GeneratedModuleMaps-iphonesimulator

WriteAuxiliaryFile /Users/runner/work/Super-Chef/Super-Chef/build/Build/Intermediates.noindex/Pantry.build/Debug-iphonesimulator/PantryGame.build/PantryGame.modulemap (in target 'PantryGame' from project 'Pantry' at path '/Users/runner/work/Super-Chef/Super-Chef/Package.swift')
    cd /Users/runner/work/Super-Chef/Super-Chef
    write-file /Users/runner/work/Super-Chef/Super-Chef/build/Build/Intermediates.noindex/Pantry.build/Debug-iphonesimulator/PantryGame.build/PantryGame.modulemap

WriteAuxiliaryFile /Users/runner/work/Super-Chef/Super-Chef/build/Build/Intermediates.noindex/Pantry.build/Debug-iphonesimulator/PantryGame.build/PantryGame.DependencyStaticMetadataFileList (in target 'PantryGame' from project 'Pantry' at path '/Users/runner/work/Super-Chef/Super-Chef/Package.swift')
    cd /Users/runner/work/Super-Chef/Super-Chef
    write-file /Users/runner/work/Super-Chef/Super-Chef/build/Build/Intermediates.noindex/Pantry.build/Debug-iphonesimulator/PantryGame.build/PantryGame.DependencyStaticMetadataFileList

WriteAuxiliaryFile /Users/runner/work/Super-Chef/Super-Chef/build/Build/Intermediates.noindex/Pantry.build/Debug-iphonesimulator/PantryGame.build/PantryGame.DependencyMetadataFileList (in target 'PantryGame' from project 'Pantry' at path '/Users/runner/work/Super-Chef/Super-Chef/Package.swift')
    cd /Users/runner/work/Super-Chef/Super-Chef
    write-file /Users/runner/work/Super-Chef/Super-Chef/build/Build/Intermediates.noindex/Pantry.build/Debug-iphonesimulator/PantryGame.build/PantryGame.DependencyMetadataFileList

WriteAuxiliaryFile /Users/runner/work/Super-Chef/Super-Chef/build/Build/Intermediates.noindex/Pantry.build/Debug-iphonesimulator/PantryGame.build/Objects-normal/x86_64/PantryGame_const_extract_protocols.json (in target 'PantryGame' from project 'Pantry' at path '/Users/runner/work/Super-Chef/Super-Chef/Package.swift')
    cd /Users/runner/work/Super-Chef/Super-Chef
    write-file /Users/runner/work/Super-Chef/Super-Chef/build/Build/Intermediates.noindex/Pantry.build/Debug-iphonesimulator/PantryGame.build/Objects-normal/x86_64/PantryGame_const_extract_protocols.json

WriteAuxiliaryFile /Users/runner/work/Super-Chef/Super-Chef/build/Build/Intermediates.noindex/Pantry.build/Debug-iphonesimulator/PantryGame.build/Objects-normal/x86_64/PantryGame.SwiftFileList (in target 'PantryGame' from project 'Pantry' at path '/Users/runner/work/Super-Chef/Super-Chef/Package.swift')
    cd /Users/runner/work/Super-Chef/Super-Chef
    write-file /Users/runner/work/Super-Chef/Super-Chef/build/Build/Intermediates.noindex/Pantry.build/Debug-iphonesimulator/PantryGame.build/Objects-normal/x86_64/PantryGame.SwiftFileList

WriteAuxiliaryFile /Users/runner/work/Super-Chef/Super-Chef/build/Build/Intermediates.noindex/Pantry.build/Debug-iphonesimulator/PantryGame.build/Objects-normal/x86_64/PantryGame.SwiftConstValuesFileList (in target 'PantryGame' from project 'Pantry' at path '/Users/runner/work/Super-Chef/Super-Chef/Package.swift')
    cd /Users/runner/work/Super-Chef/Super-Chef
    write-file /Users/runner/work/Super-Chef/Super-Chef/build/Build/Intermediates.noindex/Pantry.build/Debug-iphonesimulator/PantryGame.build/Objects-normal/x86_64/PantryGame.SwiftConstValuesFileList

WriteAuxiliaryFile /Users/runner/work/Super-Chef/Super-Chef/build/Build/Intermediates.noindex/Pantry.build/Debug-iphonesimulator/PantryGame.build/Objects-normal/x86_64/PantryGame.LinkFileList (in target 'PantryGame' from project 'Pantry' at path '/Users/runner/work/Super-Chef/Super-Chef/Package.swift')
    cd /Users/runner/work/Super-Chef/Super-Chef
    write-file /Users/runner/work/Super-Chef/Super-Chef/build/Build/Intermediates.noindex/Pantry.build/Debug-iphonesimulator/PantryGame.build/Objects-normal/x86_64/PantryGame.LinkFileList

WriteAuxiliaryFile /Users/runner/work/Super-Chef/Super-Chef/build/Build/Intermediates.noindex/Pantry.build/Debug-iphonesimulator/PantryGame.build/Objects-normal/x86_64/PantryGame-OutputFileMap.json (in target 'PantryGame' from project 'Pantry' at path '/Users/runner/work/Super-Chef/Super-Chef/Package.swift')
    cd /Users/runner/work/Super-Chef/Super-Chef
    write-file /Users/runner/work/Super-Chef/Super-Chef/build/Build/Intermediates.noindex/Pantry.build/Debug-iphonesimulator/PantryGame.build/Objects-normal/x86_64/PantryGame-OutputFileMap.json

WriteAuxiliaryFile /Users/runner/work/Super-Chef/Super-Chef/build/Build/Intermediates.noindex/Pantry.build/Debug-iphonesimulator/PantryGame.build/Objects-normal/arm64/PantryGame_const_extract_protocols.json (in target 'PantryGame' from project 'Pantry' at path '/Users/runner/work/Super-Chef/Super-Chef/Package.swift')
    cd /Users/runner/work/Super-Chef/Super-Chef
    write-file /Users/runner/work/Super-Chef/Super-Chef/build/Build/Intermediates.noindex/Pantry.build/Debug-iphonesimulator/PantryGame.build/Objects-normal/arm64/PantryGame_const_extract_protocols.json

WriteAuxiliaryFile /Users/runner/work/Super-Chef/Super-Chef/build/Build/Intermediates.noindex/Pantry.build/Debug-iphonesimulator/PantryGame.build/Objects-normal/arm64/PantryGame.SwiftFileList (in target 'PantryGame' from project 'Pantry' at path '/Users/runner/work/Super-Chef/Super-Chef/Package.swift')
    cd /Users/runner/work/Super-Chef/Super-Chef
    write-file /Users/runner/work/Super-Chef/Super-Chef/build/Build/Intermediates.noindex/Pantry.build/Debug-iphonesimulator/PantryGame.build/Objects-normal/arm64/PantryGame.SwiftFileList

WriteAuxiliaryFile /Users/runner/work/Super-Chef/Super-Chef/build/Build/Intermediates.noindex/Pantry.build/Debug-iphonesimulator/PantryGame.build/Objects-normal/arm64/PantryGame.SwiftConstValuesFileList (in target 'PantryGame' from project 'Pantry' at path '/Users/runner/work/Super-Chef/Super-Chef/Package.swift')
    cd /Users/runner/work/Super-Chef/Super-Chef
    write-file /Users/runner/work/Super-Chef/Super-Chef/build/Build/Intermediates.noindex/Pantry.build/Debug-iphonesimulator/PantryGame.build/Objects-normal/arm64/PantryGame.SwiftConstValuesFileList

WriteAuxiliaryFile /Users/runner/work/Super-Chef/Super-Chef/build/Build/Intermediates.noindex/Pantry.build/Debug-iphonesimulator/PantryGame.build/Objects-normal/arm64/PantryGame.LinkFileList (in target 'PantryGame' from project 'Pantry' at path '/Users/runner/work/Super-Chef/Super-Chef/Package.swift')
    cd /Users/runner/work/Super-Chef/Super-Chef
    write-file /Users/runner/work/Super-Chef/Super-Chef/build/Build/Intermediates.noindex/Pantry.build/Debug-iphonesimulator/PantryGame.build/Objects-normal/arm64/PantryGame.LinkFileList

WriteAuxiliaryFile /Users/runner/work/Super-Chef/Super-Chef/build/Build/Intermediates.noindex/Pantry.build/Debug-iphonesimulator/PantryGame.build/Objects-normal/arm64/PantryGame-OutputFileMap.json (in target 'PantryGame' from project 'Pantry' at path '/Users/runner/work/Super-Chef/Super-Chef/Package.swift')
    cd /Users/runner/work/Super-Chef/Super-Chef
    write-file /Users/runner/work/Super-Chef/Super-Chef/build/Build/Intermediates.noindex/Pantry.build/Debug-iphonesimulator/PantryGame.build/Objects-normal/arm64/PantryGame-OutputFileMap.json

Copy /Users/runner/work/Super-Chef/Super-Chef/build/Build/Intermediates.noindex/GeneratedModuleMaps-iphonesimulator/PantryGame.modulemap /Users/runner/work/Super-Chef/Super-Chef/build/Build/Intermediates.noindex/Pantry.build/Debug-iphonesimulator/PantryGame.build/PantryGame.modulemap (in target 'PantryGame' from project 'Pantry' at path '/Users/runner/work/Super-Chef/Super-Chef/Package.swift')
    cd /Users/runner/work/Super-Chef/Super-Chef
    builtin-copy -exclude .DS_Store -exclude CVS -exclude .svn -exclude .git -exclude .hg -resolve-src-symlinks /Users/runner/work/Super-Chef/Super-Chef/build/Build/Intermediates.noindex/Pantry.build/Debug-iphonesimulator/PantryGame.build/PantryGame.modulemap /Users/runner/work/Super-Chef/Super-Chef/build/Build/Intermediates.noindex/GeneratedModuleMaps-iphonesimulator

WriteAuxiliaryFile /Users/runner/work/Super-Chef/Super-Chef/build/Build/Intermediates.noindex/Pantry.build/Debug-iphonesimulator/Pantry.build/empty-Pantry.plist (in target 'Pantry' from project 'Pantry' at path '/Users/runner/work/Super-Chef/Super-Chef/App/Pantry.xcodeproj')
    cd /Users/runner/work/Super-Chef/Super-Chef/App
    write-file /Users/runner/work/Super-Chef/Super-Chef/build/Build/Intermediates.noindex/Pantry.build/Debug-iphonesimulator/Pantry.build/empty-Pantry.plist

WriteAuxiliaryFile /Users/runner/work/Super-Chef/Super-Chef/build/Build/Intermediates.noindex/Pantry.build/Debug-iphonesimulator/Pantry.build/Pantry.hmap (in target 'Pantry' from project 'Pantry' at path '/Users/runner/work/Super-Chef/Super-Chef/App/Pantry.xcodeproj')
    cd /Users/runner/work/Super-Chef/Super-Chef/App
    write-file /Users/runner/work/Super-Chef/Super-Chef/build/Build/Intermediates.noindex/Pantry.build/Debug-iphonesimulator/Pantry.build/Pantry.hmap

WriteAuxiliaryFile /Users/runner/work/Super-Chef/Super-Chef/build/Build/Intermediates.noindex/Pantry.build/Debug-iphonesimulator/Pantry.build/Pantry.DependencyStaticMetadataFileList (in target 'Pantry' from project 'Pantry' at path '/Users/runner/work/Super-Chef/Super-Chef/App/Pantry.xcodeproj')
    cd /Users/runner/work/Super-Chef/Super-Chef/App
    write-file /Users/runner/work/Super-Chef/Super-Chef/build/Build/Intermediates.noindex/Pantry.build/Debug-iphonesimulator/Pantry.build/Pantry.DependencyStaticMetadataFileList

WriteAuxiliaryFile /Users/runner/work/Super-Chef/Super-Chef/build/Build/Intermediates.noindex/Pantry.build/Debug-iphonesimulator/Pantry.build/Pantry.DependencyMetadataFileList (in target 'Pantry' from project 'Pantry' at path '/Users/runner/work/Super-Chef/Super-Chef/App/Pantry.xcodeproj')
    cd /Users/runner/work/Super-Chef/Super-Chef/App
    write-file /Users/runner/work/Super-Chef/Super-Chef/build/Build/Intermediates.noindex/Pantry.build/Debug-iphonesimulator/Pantry.build/Pantry.DependencyMetadataFileList

WriteAuxiliaryFile /Users/runner/work/Super-Chef/Super-Chef/build/Build/Intermediates.noindex/Pantry.build/Debug-iphonesimulator/Pantry.build/Pantry-project-headers.hmap (in target 'Pantry' from project 'Pantry' at path '/Users/runner/work/Super-Chef/Super-Chef/App/Pantry.xcodeproj')
    cd /Users/runner/work/Super-Chef/Super-Chef/App
    write-file /Users/runner/work/Super-Chef/Super-Chef/build/Build/Intermediates.noindex/Pantry.build/Debug-iphonesimulator/Pantry.build/Pantry-project-headers.hmap

WriteAuxiliaryFile /Users/runner/work/Super-Chef/Super-Chef/build/Build/Intermediates.noindex/Pantry.build/Debug-iphonesimulator/Pantry.build/Pantry-own-target-headers.hmap (in target 'Pantry' from project 'Pantry' at path '/Users/runner/work/Super-Chef/Super-Chef/App/Pantry.xcodeproj')
    cd /Users/runner/work/Super-Chef/Super-Chef/App
    write-file /Users/runner/work/Super-Chef/Super-Chef/build/Build/Intermediates.noindex/Pantry.build/Debug-iphonesimulator/Pantry.build/Pantry-own-target-headers.hmap

WriteAuxiliaryFile /Users/runner/work/Super-Chef/Super-Chef/build/Build/Intermediates.noindex/Pantry.build/Debug-iphonesimulator/Pantry.build/Pantry-generated-files.hmap (in target 'Pantry' from project 'Pantry' at path '/Users/runner/work/Super-Chef/Super-Chef/App/Pantry.xcodeproj')
    cd /Users/runner/work/Super-Chef/Super-Chef/App
    write-file /Users/runner/work/Super-Chef/Super-Chef/build/Build/Intermediates.noindex/Pantry.build/Debug-iphonesimulator/Pantry.build/Pantry-generated-files.hmap

WriteAuxiliaryFile /Users/runner/work/Super-Chef/Super-Chef/build/Build/Intermediates.noindex/Pantry.build/Debug-iphonesimulator/Pantry.build/Pantry-all-target-headers.hmap (in target 'Pantry' from project 'Pantry' at path '/Users/runner/work/Super-Chef/Super-Chef/App/Pantry.xcodeproj')
    cd /Users/runner/work/Super-Chef/Super-Chef/App
    write-file /Users/runner/work/Super-Chef/Super-Chef/build/Build/Intermediates.noindex/Pantry.build/Debug-iphonesimulator/Pantry.build/Pantry-all-target-headers.hmap

WriteAuxiliaryFile /Users/runner/work/Super-Chef/Super-Chef/build/Build/Intermediates.noindex/Pantry.build/Debug-iphonesimulator/Pantry.build/Pantry-all-non-framework-target-headers.hmap (in target 'Pantry' from project 'Pantry' at path '/Users/runner/work/Super-Chef/Super-Chef/App/Pantry.xcodeproj')
    cd /Users/runner/work/Super-Chef/Super-Chef/App
    write-file /Users/runner/work/Super-Chef/Super-Chef/build/Build/Intermediates.noindex/Pantry.build/Debug-iphonesimulator/Pantry.build/Pantry-all-non-framework-target-headers.hmap

WriteAuxiliaryFile /Users/runner/work/Super-Chef/Super-Chef/build/Build/Intermediates.noindex/Pantry.build/Debug-iphonesimulator/Pantry.build/Pantry-DebugDylibPath-normal-x86_64.txt (in target 'Pantry' from project 'Pantry' at path '/Users/runner/work/Super-Chef/Super-Chef/App/Pantry.xcodeproj')
    cd /Users/runner/work/Super-Chef/Super-Chef/App
    write-file /Users/runner/work/Super-Chef/Super-Chef/build/Build/Intermediates.noindex/Pantry.build/Debug-iphonesimulator/Pantry.build/Pantry-DebugDylibPath-normal-x86_64.txt

WriteAuxiliaryFile /Users/runner/work/Super-Chef/Super-Chef/build/Build/Intermediates.noindex/Pantry.build/Debug-iphonesimulator/Pantry.build/Pantry-DebugDylibPath-normal-arm64.txt (in target 'Pantry' from project 'Pantry' at path '/Users/runner/work/Super-Chef/Super-Chef/App/Pantry.xcodeproj')
    cd /Users/runner/work/Super-Chef/Super-Chef/App
    write-file /Users/runner/work/Super-Chef/Super-Chef/build/Build/Intermediates.noindex/Pantry.build/Debug-iphonesimulator/Pantry.build/Pantry-DebugDylibPath-normal-arm64.txt

WriteAuxiliaryFile /Users/runner/work/Super-Chef/Super-Chef/build/Build/Intermediates.noindex/Pantry.build/Debug-iphonesimulator/Pantry.build/Pantry-DebugDylibInstallName-normal-x86_64.txt (in target 'Pantry' from project 'Pantry' at path '/Users/runner/work/Super-Chef/Super-Chef/App/Pantry.xcodeproj')
    cd /Users/runner/work/Super-Chef/Super-Chef/App
    write-file /Users/runner/work/Super-Chef/Super-Chef/build/Build/Intermediates.noindex/Pantry.build/Debug-iphonesimulator/Pantry.build/Pantry-DebugDylibInstallName-normal-x86_64.txt

WriteAuxiliaryFile /Users/runner/work/Super-Chef/Super-Chef/build/Build/Intermediates.noindex/Pantry.build/Debug-iphonesimulator/Pantry.build/Pantry-DebugDylibInstallName-normal-arm64.txt (in target 'Pantry' from project 'Pantry' at path '/Users/runner/work/Super-Chef/Super-Chef/App/Pantry.xcodeproj')
    cd /Users/runner/work/Super-Chef/Super-Chef/App
    write-file /Users/runner/work/Super-Chef/Super-Chef/build/Build/Intermediates.noindex/Pantry.build/Debug-iphonesimulator/Pantry.build/Pantry-DebugDylibInstallName-normal-arm64.txt

WriteAuxiliaryFile /Users/runner/work/Super-Chef/Super-Chef/build/Build/Intermediates.noindex/Pantry.build/Debug-iphonesimulator/Pantry.build/Objects-normal/x86_64/Pantry_const_extract_protocols.json (in target 'Pantry' from project 'Pantry' at path '/Users/runner/work/Super-Chef/Super-Chef/App/Pantry.xcodeproj')
    cd /Users/runner/work/Super-Chef/Super-Chef/App
    write-file /Users/runner/work/Super-Chef/Super-Chef/build/Build/Intermediates.noindex/Pantry.build/Debug-iphonesimulator/Pantry.build/Objects-normal/x86_64/Pantry_const_extract_protocols.json

WriteAuxiliaryFile /Users/runner/work/Super-Chef/Super-Chef/build/Build/Intermediates.noindex/Pantry.build/Debug-iphonesimulator/Pantry.build/Objects-normal/x86_64/Pantry.SwiftFileList (in target 'Pantry' from project 'Pantry' at path '/Users/runner/work/Super-Chef/Super-Chef/App/Pantry.xcodeproj')
    cd /Users/runner/work/Super-Chef/Super-Chef/App
    write-file /Users/runner/work/Super-Chef/Super-Chef/build/Build/Intermediates.noindex/Pantry.build/Debug-iphonesimulator/Pantry.build/Objects-normal/x86_64/Pantry.SwiftFileList

WriteAuxiliaryFile /Users/runner/work/Super-Chef/Super-Chef/build/Build/Intermediates.noindex/Pantry.build/Debug-iphonesimulator/Pantry.build/Objects-normal/x86_64/Pantry.SwiftConstValuesFileList (in target 'Pantry' from project 'Pantry' at path '/Users/runner/work/Super-Chef/Super-Chef/App/Pantry.xcodeproj')
    cd /Users/runner/work/Super-Chef/Super-Chef/App
    write-file /Users/runner/work/Super-Chef/Super-Chef/build/Build/Intermediates.noindex/Pantry.build/Debug-iphonesimulator/Pantry.build/Objects-normal/x86_64/Pantry.SwiftConstValuesFileList

WriteAuxiliaryFile /Users/runner/work/Super-Chef/Super-Chef/build/Build/Intermediates.noindex/Pantry.build/Debug-iphonesimulator/Pantry.build/Objects-normal/x86_64/Pantry.LinkFileList (in target 'Pantry' from project 'Pantry' at path '/Users/runner/work/Super-Chef/Super-Chef/App/Pantry.xcodeproj')
    cd /Users/runner/work/Super-Chef/Super-Chef/App
    write-file /Users/runner/work/Super-Chef/Super-Chef/build/Build/Intermediates.noindex/Pantry.build/Debug-iphonesimulator/Pantry.build/Objects-normal/x86_64/Pantry.LinkFileList

WriteAuxiliaryFile /Users/runner/work/Super-Chef/Super-Chef/build/Build/Intermediates.noindex/Pantry.build/Debug-iphonesimulator/Pantry.build/Objects-normal/x86_64/Pantry-OutputFileMap.json (in target 'Pantry' from project 'Pantry' at path '/Users/runner/work/Super-Chef/Super-Chef/App/Pantry.xcodeproj')
    cd /Users/runner/work/Super-Chef/Super-Chef/App
    write-file /Users/runner/work/Super-Chef/Super-Chef/build/Build/Intermediates.noindex/Pantry.build/Debug-iphonesimulator/Pantry.build/Objects-normal/x86_64/Pantry-OutputFileMap.json

WriteAuxiliaryFile /Users/runner/work/Super-Chef/Super-Chef/build/Build/Intermediates.noindex/Pantry.build/Debug-iphonesimulator/Pantry.build/Objects-normal/arm64/Pantry_const_extract_protocols.json (in target 'Pantry' from project 'Pantry' at path '/Users/runner/work/Super-Chef/Super-Chef/App/Pantry.xcodeproj')
    cd /Users/runner/work/Super-Chef/Super-Chef/App
    write-file /Users/runner/work/Super-Chef/Super-Chef/build/Build/Intermediates.noindex/Pantry.build/Debug-iphonesimulator/Pantry.build/Objects-normal/arm64/Pantry_const_extract_protocols.json

WriteAuxiliaryFile /Users/runner/work/Super-Chef/Super-Chef/build/Build/Intermediates.noindex/Pantry.build/Debug-iphonesimulator/Pantry.build/Objects-normal/arm64/Pantry.SwiftFileList (in target 'Pantry' from project 'Pantry' at path '/Users/runner/work/Super-Chef/Super-Chef/App/Pantry.xcodeproj')
    cd /Users/runner/work/Super-Chef/Super-Chef/App
    write-file /Users/runner/work/Super-Chef/Super-Chef/build/Build/Intermediates.noindex/Pantry.build/Debug-iphonesimulator/Pantry.build/Objects-normal/arm64/Pantry.SwiftFileList

WriteAuxiliaryFile /Users/runner/work/Super-Chef/Super-Chef/build/Build/Intermediates.noindex/Pantry.build/Debug-iphonesimulator/Pantry.build/Objects-normal/arm64/Pantry.SwiftConstValuesFileList (in target 'Pantry' from project 'Pantry' at path '/Users/runner/work/Super-Chef/Super-Chef/App/Pantry.xcodeproj')
    cd /Users/runner/work/Super-Chef/Super-Chef/App
    write-file /Users/runner/work/Super-Chef/Super-Chef/build/Build/Intermediates.noindex/Pantry.build/Debug-iphonesimulator/Pantry.build/Objects-normal/arm64/Pantry.SwiftConstValuesFileList

WriteAuxiliaryFile /Users/runner/work/Super-Chef/Super-Chef/build/Build/Intermediates.noindex/Pantry.build/Debug-iphonesimulator/Pantry.build/Objects-normal/arm64/Pantry.LinkFileList (in target 'Pantry' from project 'Pantry' at path '/Users/runner/work/Super-Chef/Super-Chef/App/Pantry.xcodeproj')
    cd /Users/runner/work/Super-Chef/Super-Chef/App
    write-file /Users/runner/work/Super-Chef/Super-Chef/build/Build/Intermediates.noindex/Pantry.build/Debug-iphonesimulator/Pantry.build/Objects-normal/arm64/Pantry.LinkFileList

WriteAuxiliaryFile /Users/runner/work/Super-Chef/Super-Chef/build/Build/Intermediates.noindex/Pantry.build/Debug-iphonesimulator/Pantry.build/Objects-normal/arm64/Pantry-OutputFileMap.json (in target 'Pantry' from project 'Pantry' at path '/Users/runner/work/Super-Chef/Super-Chef/App/Pantry.xcodeproj')
    cd /Users/runner/work/Super-Chef/Super-Chef/App
    write-file /Users/runner/work/Super-Chef/Super-Chef/build/Build/Intermediates.noindex/Pantry.build/Debug-iphonesimulator/Pantry.build/Objects-normal/arm64/Pantry-OutputFileMap.json

MkDir /Users/runner/work/Super-Chef/Super-Chef/build/Build/Products/Debug-iphonesimulator/Pantry_PantryScoring.bundle (in target 'Pantry_PantryScoring' from project 'Pantry' at path '/Users/runner/work/Super-Chef/Super-Chef/Package.swift')
    cd /Users/runner/work/Super-Chef/Super-Chef
    /bin/mkdir -p /Users/runner/work/Super-Chef/Super-Chef/build/Build/Products/Debug-iphonesimulator/Pantry_PantryScoring.bundle

MkDir /Users/runner/work/Super-Chef/Super-Chef/build/Build/Products/Debug-iphonesimulator/Pantry.app (in target 'Pantry' from project 'Pantry' at path '/Users/runner/work/Super-Chef/Super-Chef/App/Pantry.xcodeproj')
    cd /Users/runner/work/Super-Chef/Super-Chef/App
    /bin/mkdir -p /Users/runner/work/Super-Chef/Super-Chef/build/Build/Products/Debug-iphonesimulator/Pantry.app

ProcessInfoPlistFile /Users/runner/work/Super-Chef/Super-Chef/build/Build/Products/Debug-iphonesimulator/Pantry_PantryScoring.bundle/Info.plist /Users/runner/work/Super-Chef/Super-Chef/build/Build/Intermediates.noindex/Pantry.build/Debug-iphonesimulator/Pantry_PantryScoring.build/empty-Pantry_PantryScoring.plist (in target 'Pantry_PantryScoring' from project 'Pantry' at path '/Users/runner/work/Super-Chef/Super-Chef/Package.swift')
    cd /Users/runner/work/Super-Chef/Super-Chef
    builtin-infoPlistUtility /Users/runner/work/Super-Chef/Super-Chef/build/Build/Intermediates.noindex/Pantry.build/Debug-iphonesimulator/Pantry_PantryScoring.build/empty-Pantry_PantryScoring.plist -producttype com.apple.product-type.bundle -expandbuildsettings -format binary -platform iphonesimulator -o /Users/runner/work/Super-Chef/Super-Chef/build/Build/Products/Debug-iphonesimulator/Pantry_PantryScoring.bundle/Info.plist

CpResource /Users/runner/work/Super-Chef/Super-Chef/build/Build/Products/Debug-iphonesimulator/Pantry_PantryScoring.bundle/sichuan /Users/runner/work/Super-Chef/Super-Chef/Sources/PantryScoring/Resources/sichuan (in target 'Pantry_PantryScoring' from project 'Pantry' at path '/Users/runner/work/Super-Chef/Super-Chef/Package.swift')
    cd /Users/runner/work/Super-Chef/Super-Chef
    builtin-copy -exclude .DS_Store -exclude CVS -exclude .svn -exclude .git -exclude .hg -resolve-src-symlinks /Users/runner/work/Super-Chef/Super-Chef/Sources/PantryScoring/Resources/sichuan /Users/runner/work/Super-Chef/Super-Chef/build/Build/Products/Debug-iphonesimulator/Pantry_PantryScoring.bundle

RegisterExecutionPolicyException /Users/runner/work/Super-Chef/Super-Chef/build/Build/Products/Debug-iphonesimulator/Pantry_PantryScoring.bundle (in target 'Pantry_PantryScoring' from project 'Pantry' at path '/Users/runner/work/Super-Chef/Super-Chef/Package.swift')
    cd /Users/runner/work/Super-Chef/Super-Chef
    builtin-RegisterExecutionPolicyException /Users/runner/work/Super-Chef/Super-Chef/build/Build/Products/Debug-iphonesimulator/Pantry_PantryScoring.bundle

Touch /Users/runner/work/Super-Chef/Super-Chef/build/Build/Products/Debug-iphonesimulator/Pantry_PantryScoring.bundle (in target 'Pantry_PantryScoring' from project 'Pantry' at path '/Users/runner/work/Super-Chef/Super-Chef/Package.swift')
    cd /Users/runner/work/Super-Chef/Super-Chef
    /usr/bin/touch -c /Users/runner/work/Super-Chef/Super-Chef/build/Build/Products/Debug-iphonesimulator/Pantry_PantryScoring.bundle

SwiftDriver PantryScoring normal arm64 com.apple.xcode.tools.swift.compiler (in target 'PantryScoring' from project 'Pantry' at path '/Users/runner/work/Super-Chef/Super-Chef/Package.swift')
    cd /Users/runner/work/Super-Chef/Super-Chef/App/Pantry.xcodeproj
    builtin-SwiftDriver -- /Applications/Xcode_16.4.app/Contents/Developer/Toolchains/XcodeDefault.xctoolchain/usr/bin/swiftc -module-name PantryScoring -Onone -enforce-exclusivity\=checked @/Users/runner/work/Super-Chef/Super-Chef/build/Build/Intermediates.noindex/Pantry.build/Debug-iphonesimulator/PantryScoring.build/Objects-normal/arm64/PantryScoring.SwiftFileList -DSWIFT_PACKAGE -DDEBUG -DXcode -plugin-path /Applications/Xcode_16.4.app/Contents/Developer/Toolchains/XcodeDefault.xctoolchain/usr/lib/swift/host/plugins/testing -enable-experimental-feature DebugDescriptionMacro -sdk /Applications/Xcode_16.4.app/Contents/Developer/Platforms/iPhoneSimulator.platform/Developer/SDKs/iPhoneSimulator18.5.sdk -target arm64-apple-ios17.0-simulator -g -module-cache-path /Users/runner/work/Super-Chef/Super-Chef/build/ModuleCache.noindex -Xfrontend -serialize-debugging-options -enable-testing -suppress-warnings -index-store-path /Users/runner/work/Super-Chef/Super-Chef/build/Index.noindex/DataStore -swift-version 5 -I /Users/runner/work/Super-Chef/Super-Chef/build/Build/Products/Debug-iphonesimulator -I /Applications/Xcode_16.4.app/Contents/Developer/Platforms/iPhoneSimulator.platform/Developer/usr/lib -F /Users/runner/work/Super-Chef/Super-Chef/build/Build/Products/Debug-iphonesimulator -F /Applications/Xcode_16.4.app/Contents/Developer/Platforms/iPhoneSimulator.platform/Developer/Library/Frameworks -F /Applications/Xcode_16.4.app/Contents/Developer/Platforms/iPhoneSimulator.platform/Developer/SDKs/iPhoneSimulator18.5.sdk/Developer/Library/Frameworks -c -j3 -enable-batch-mode -incremental -Xcc -ivfsstatcache -Xcc /Users/runner/work/Super-Chef/Super-Chef/build/SDKStatCaches.noindex/iphonesimulator18.5-22F76-96ae0914227b19deccb34b33ba7b5dea.sdkstatcache -output-file-map /Users/runner/work/Super-Chef/Super-Chef/build/Build/Intermediates.noindex/Pantry.build/Debug-iphonesimulator/PantryScoring.build/Objects-normal/arm64/PantryScoring-OutputFileMap.json -use-frontend-parseable-output -save-temps -no-color-diagnostics -serialize-diagnostics -emit-dependencies -emit-module -emit-module-path /Users/runner/work/Super-Chef/Super-Chef/build/Build/Intermediates.noindex/Pantry.build/Debug-iphonesimulator/PantryScoring.build/Objects-normal/arm64/PantryScoring.swiftmodule -validate-clang-modules-once -clang-build-session-file /Users/runner/work/Super-Chef/Super-Chef/build/ModuleCache.noindex/Session.modulevalidation -package-name super_chef -Xcc -I/Users/runner/work/Super-Chef/Super-Chef/build/Build/Intermediates.noindex/Pantry.build/Debug-iphonesimulator/PantryScoring.build/swift-overrides.hmap -emit-const-values -Xfrontend -const-gather-protocols-file -Xfrontend /Users/runner/work/Super-Chef/Super-Chef/build/Build/Intermediates.noindex/Pantry.build/Debug-iphonesimulator/PantryScoring.build/Objects-normal/arm64/PantryScoring_const_extract_protocols.json -Xcc -I/Users/runner/work/Super-Chef/Super-Chef/build/Build/Products/Debug-iphonesimulator/include -Xcc -I/Users/runner/work/Super-Chef/Super-Chef/build/Build/Intermediates.noindex/Pantry.build/Debug-iphonesimulator/PantryScoring.build/DerivedSources-normal/arm64 -Xcc -I/Users/runner/work/Super-Chef/Super-Chef/build/Build/Intermediates.noindex/Pantry.build/Debug-iphonesimulator/PantryScoring.build/DerivedSources/arm64 -Xcc -I/Users/runner/work/Super-Chef/Super-Chef/build/Build/Intermediates.noindex/Pantry.build/Debug-iphonesimulator/PantryScoring.build/DerivedSources -Xcc -DSWIFT_PACKAGE -Xcc -DDEBUG\=1 -emit-objc-header -emit-objc-header-path /Users/runner/work/Super-Chef/Super-Chef/build/Build/Intermediates.noindex/Pantry.build/Debug-iphonesimulator/PantryScoring.build/Objects-normal/arm64/PantryScoring-Swift.h -working-directory /Users/runner/work/Super-Chef/Super-Chef/App/Pantry.xcodeproj -experimental-emit-module-separately -disable-cmo

SwiftDriver PantryScoring normal x86_64 com.apple.xcode.tools.swift.compiler (in target 'PantryScoring' from project 'Pantry' at path '/Users/runner/work/Super-Chef/Super-Chef/Package.swift')
    cd /Users/runner/work/Super-Chef/Super-Chef/App/Pantry.xcodeproj
    builtin-SwiftDriver -- /Applications/Xcode_16.4.app/Contents/Developer/Toolchains/XcodeDefault.xctoolchain/usr/bin/swiftc -module-name PantryScoring -Onone -enforce-exclusivity\=checked @/Users/runner/work/Super-Chef/Super-Chef/build/Build/Intermediates.noindex/Pantry.build/Debug-iphonesimulator/PantryScoring.build/Objects-normal/x86_64/PantryScoring.SwiftFileList -DSWIFT_PACKAGE -DDEBUG -DXcode -plugin-path /Applications/Xcode_16.4.app/Contents/Developer/Toolchains/XcodeDefault.xctoolchain/usr/lib/swift/host/plugins/testing -enable-experimental-feature DebugDescriptionMacro -sdk /Applications/Xcode_16.4.app/Contents/Developer/Platforms/iPhoneSimulator.platform/Developer/SDKs/iPhoneSimulator18.5.sdk -target x86_64-apple-ios17.0-simulator -g -module-cache-path /Users/runner/work/Super-Chef/Super-Chef/build/ModuleCache.noindex -Xfrontend -serialize-debugging-options -enable-testing -suppress-warnings -index-store-path /Users/runner/work/Super-Chef/Super-Chef/build/Index.noindex/DataStore -swift-version 5 -I /Users/runner/work/Super-Chef/Super-Chef/build/Build/Products/Debug-iphonesimulator -I /Applications/Xcode_16.4.app/Contents/Developer/Platforms/iPhoneSimulator.platform/Developer/usr/lib -F /Users/runner/work/Super-Chef/Super-Chef/build/Build/Products/Debug-iphonesimulator -F /Applications/Xcode_16.4.app/Contents/Developer/Platforms/iPhoneSimulator.platform/Developer/Library/Frameworks -F /Applications/Xcode_16.4.app/Contents/Developer/Platforms/iPhoneSimulator.platform/Developer/SDKs/iPhoneSimulator18.5.sdk/Developer/Library/Frameworks -c -j3 -enable-batch-mode -incremental -Xcc -ivfsstatcache -Xcc /Users/runner/work/Super-Chef/Super-Chef/build/SDKStatCaches.noindex/iphonesimulator18.5-22F76-96ae0914227b19deccb34b33ba7b5dea.sdkstatcache -output-file-map /Users/runner/work/Super-Chef/Super-Chef/build/Build/Intermediates.noindex/Pantry.build/Debug-iphonesimulator/PantryScoring.build/Objects-normal/x86_64/PantryScoring-OutputFileMap.json -use-frontend-parseable-output -save-temps -no-color-diagnostics -serialize-diagnostics -emit-dependencies -emit-module -emit-module-path /Users/runner/work/Super-Chef/Super-Chef/build/Build/Intermediates.noindex/Pantry.build/Debug-iphonesimulator/PantryScoring.build/Objects-normal/x86_64/PantryScoring.swiftmodule -validate-clang-modules-once -clang-build-session-file /Users/runner/work/Super-Chef/Super-Chef/build/ModuleCache.noindex/Session.modulevalidation -package-name super_chef -Xcc -I/Users/runner/work/Super-Chef/Super-Chef/build/Build/Intermediates.noindex/Pantry.build/Debug-iphonesimulator/PantryScoring.build/swift-overrides.hmap -emit-const-values -Xfrontend -const-gather-protocols-file -Xfrontend /Users/runner/work/Super-Chef/Super-Chef/build/Build/Intermediates.noindex/Pantry.build/Debug-iphonesimulator/PantryScoring.build/Objects-normal/x86_64/PantryScoring_const_extract_protocols.json -Xcc -I/Users/runner/work/Super-Chef/Super-Chef/build/Build/Products/Debug-iphonesimulator/include -Xcc -I/Users/runner/work/Super-Chef/Super-Chef/build/Build/Intermediates.noindex/Pantry.build/Debug-iphonesimulator/PantryScoring.build/DerivedSources-normal/x86_64 -Xcc -I/Users/runner/work/Super-Chef/Super-Chef/build/Build/Intermediates.noindex/Pantry.build/Debug-iphonesimulator/PantryScoring.build/DerivedSources/x86_64 -Xcc -I/Users/runner/work/Super-Chef/Super-Chef/build/Build/Intermediates.noindex/Pantry.build/Debug-iphonesimulator/PantryScoring.build/DerivedSources -Xcc -DSWIFT_PACKAGE -Xcc -DDEBUG\=1 -emit-objc-header -emit-objc-header-path /Users/runner/work/Super-Chef/Super-Chef/build/Build/Intermediates.noindex/Pantry.build/Debug-iphonesimulator/PantryScoring.build/Objects-normal/x86_64/PantryScoring-Swift.h -working-directory /Users/runner/work/Super-Chef/Super-Chef/App/Pantry.xcodeproj -experimental-emit-module-separately -disable-cmo

SwiftEmitModule normal x86_64 Emitting\ module\ for\ PantryScoring (in target 'PantryScoring' from project 'Pantry' at path '/Users/runner/work/Super-Chef/Super-Chef/Package.swift')

EmitSwiftModule normal x86_64 (in target 'PantryScoring' from project 'Pantry' at path '/Users/runner/work/Super-Chef/Super-Chef/Package.swift')
    cd /Users/runner/work/Super-Chef/Super-Chef/App/Pantry.xcodeproj
    

SwiftCompile normal x86_64 Compiling\ Models.swift /Users/runner/work/Super-Chef/Super-Chef/Sources/PantryScoring/Models.swift (in target 'PantryScoring' from project 'Pantry' at path '/Users/runner/work/Super-Chef/Super-Chef/Package.swift')
SwiftCompile normal x86_64 /Users/runner/work/Super-Chef/Super-Chef/Sources/PantryScoring/Models.swift (in target 'PantryScoring' from project 'Pantry' at path '/Users/runner/work/Super-Chef/Super-Chef/Package.swift')
    cd /Users/runner/work/Super-Chef/Super-Chef/App/Pantry.xcodeproj
    

SwiftCompile normal x86_64 Compiling\ Scorer.swift /Users/runner/work/Super-Chef/Super-Chef/Sources/PantryScoring/Scorer.swift (in target 'PantryScoring' from project 'Pantry' at path '/Users/runner/work/Super-Chef/Super-Chef/Package.swift')

SwiftCompile normal x86_64 /Users/runner/work/Super-Chef/Super-Chef/Sources/PantryScoring/Scorer.swift (in target 'PantryScoring' from project 'Pantry' at path '/Users/runner/work/Super-Chef/Super-Chef/Package.swift')
    cd /Users/runner/work/Super-Chef/Super-Chef/App/Pantry.xcodeproj
    

SwiftEmitModule normal arm64 Emitting\ module\ for\ PantryScoring (in target 'PantryScoring' from project 'Pantry' at path '/Users/runner/work/Super-Chef/Super-Chef/Package.swift')
EmitSwiftModule normal arm64 (in target 'PantryScoring' from project 'Pantry' at path '/Users/runner/work/Super-Chef/Super-Chef/Package.swift')
    cd /Users/runner/work/Super-Chef/Super-Chef/App/Pantry.xcodeproj
    

SwiftDriverJobDiscovery normal x86_64 Emitting module for PantryScoring (in target 'PantryScoring' from project 'Pantry' at path '/Users/runner/work/Super-Chef/Super-Chef/Package.swift')

SwiftDriver\ Compilation\ Requirements PantryScoring normal x86_64 com.apple.xcode.tools.swift.compiler (in target 'PantryScoring' from project 'Pantry' at path '/Users/runner/work/Super-Chef/Super-Chef/Package.swift')
    cd /Users/runner/work/Super-Chef/Super-Chef/App/Pantry.xcodeproj
    builtin-Swift-Compilation-Requirements -- /Applications/Xcode_16.4.app/Contents/Developer/Toolchains/XcodeDefault.xctoolchain/usr/bin/swiftc -module-name PantryScoring -Onone -enforce-exclusivity\=checked @/Users/runner/work/Super-Chef/Super-Chef/build/Build/Intermediates.noindex/Pantry.build/Debug-iphonesimulator/PantryScoring.build/Objects-normal/x86_64/PantryScoring.SwiftFileList -DSWIFT_PACKAGE -DDEBUG -DXcode -plugin-path /Applications/Xcode_16.4.app/Contents/Developer/Toolchains/XcodeDefault.xctoolchain/usr/lib/swift/host/plugins/testing -enable-experimental-feature DebugDescriptionMacro -sdk /Applications/Xcode_16.4.app/Contents/Developer/Platforms/iPhoneSimulator.platform/Developer/SDKs/iPhoneSimulator18.5.sdk -target x86_64-apple-ios17.0-simulator -g -module-cache-path /Users/runner/work/Super-Chef/Super-Chef/build/ModuleCache.noindex -Xfrontend -serialize-debugging-options -enable-testing -suppress-warnings -index-store-path /Users/runner/work/Super-Chef/Super-Chef/build/Index.noindex/DataStore -swift-version 5 -I /Users/runner/work/Super-Chef/Super-Chef/build/Build/Products/Debug-iphonesimulator -I /Applications/Xcode_16.4.app/Contents/Developer/Platforms/iPhoneSimulator.platform/Developer/usr/lib -F /Users/runner/work/Super-Chef/Super-Chef/build/Build/Products/Debug-iphonesimulator -F /Applications/Xcode_16.4.app/Contents/Developer/Platforms/iPhoneSimulator.platform/Developer/Library/Frameworks -F /Applications/Xcode_16.4.app/Contents/Developer/Platforms/iPhoneSimulator.platform/Developer/SDKs/iPhoneSimulator18.5.sdk/Developer/Library/Frameworks -c -j3 -enable-batch-mode -incremental -Xcc -ivfsstatcache -Xcc /Users/runner/work/Super-Chef/Super-Chef/build/SDKStatCaches.noindex/iphonesimulator18.5-22F76-96ae0914227b19deccb34b33ba7b5dea.sdkstatcache -output-file-map /Users/runner/work/Super-Chef/Super-Chef/build/Build/Intermediates.noindex/Pantry.build/Debug-iphonesimulator/PantryScoring.build/Objects-normal/x86_64/PantryScoring-OutputFileMap.json -use-frontend-parseable-output -save-temps -no-color-diagnostics -serialize-diagnostics -emit-dependencies -emit-module -emit-module-path /Users/runner/work/Super-Chef/Super-Chef/build/Build/Intermediates.noindex/Pantry.build/Debug-iphonesimulator/PantryScoring.build/Objects-normal/x86_64/PantryScoring.swiftmodule -validate-clang-modules-once -clang-build-session-file /Users/runner/work/Super-Chef/Super-Chef/build/ModuleCache.noindex/Session.modulevalidation -package-name super_chef -Xcc -I/Users/runner/work/Super-Chef/Super-Chef/build/Build/Intermediates.noindex/Pantry.build/Debug-iphonesimulator/PantryScoring.build/swift-overrides.hmap -emit-const-values -Xfrontend -const-gather-protocols-file -Xfrontend /Users/runner/work/Super-Chef/Super-Chef/build/Build/Intermediates.noindex/Pantry.build/Debug-iphonesimulator/PantryScoring.build/Objects-normal/x86_64/PantryScoring_const_extract_protocols.json -Xcc -I/Users/runner/work/Super-Chef/Super-Chef/build/Build/Products/Debug-iphonesimulator/include -Xcc -I/Users/runner/work/Super-Chef/Super-Chef/build/Build/Intermediates.noindex/Pantry.build/Debug-iphonesimulator/PantryScoring.build/DerivedSources-normal/x86_64 -Xcc -I/Users/runner/work/Super-Chef/Super-Chef/build/Build/Intermediates.noindex/Pantry.build/Debug-iphonesimulator/PantryScoring.build/DerivedSources/x86_64 -Xcc -I/Users/runner/work/Super-Chef/Super-Chef/build/Build/Intermediates.noindex/Pantry.build/Debug-iphonesimulator/PantryScoring.build/DerivedSources -Xcc -DSWIFT_PACKAGE -Xcc -DDEBUG\=1 -emit-objc-header -emit-objc-header-path /Users/runner/work/Super-Chef/Super-Chef/build/Build/Intermediates.noindex/Pantry.build/Debug-iphonesimulator/PantryScoring.build/Objects-normal/x86_64/PantryScoring-Swift.h -working-directory /Users/runner/work/Super-Chef/Super-Chef/App/Pantry.xcodeproj -experimental-emit-module-separately -disable-cmo

SwiftDriverJobDiscovery normal x86_64 Compiling Scorer.swift (in target 'PantryScoring' from project 'Pantry' at path '/Users/runner/work/Super-Chef/Super-Chef/Package.swift')

SwiftCompile normal arm64 Compiling\ Models.swift /Users/runner/work/Super-Chef/Super-Chef/Sources/PantryScoring/Models.swift (in target 'PantryScoring' from project 'Pantry' at path '/Users/runner/work/Super-Chef/Super-Chef/Package.swift')
SwiftCompile normal arm64 /Users/runner/work/Super-Chef/Super-Chef/Sources/PantryScoring/Models.swift (in target 'PantryScoring' from project 'Pantry' at path '/Users/runner/work/Super-Chef/Super-Chef/Package.swift')
    cd /Users/runner/work/Super-Chef/Super-Chef/App/Pantry.xcodeproj
    

Copy /Users/runner/work/Super-Chef/Super-Chef/build/Build/Products/Debug-iphonesimulator/PantryScoring.swiftmodule/x86_64-apple-ios-simulator.swiftmodule /Users/runner/work/Super-Chef/Super-Chef/build/Build/Intermediates.noindex/Pantry.build/Debug-iphonesimulator/PantryScoring.build/Objects-normal/x86_64/PantryScoring.swiftmodule (in target 'PantryScoring' from project 'Pantry' at path '/Users/runner/work/Super-Chef/Super-Chef/Package.swift')
    cd /Users/runner/work/Super-Chef/Super-Chef
    builtin-copy -exclude .DS_Store -exclude CVS -exclude .svn -exclude .git -exclude .hg -resolve-src-symlinks -rename /Users/runner/work/Super-Chef/Super-Chef/build/Build/Intermediates.noindex/Pantry.build/Debug-iphonesimulator/PantryScoring.build/Objects-normal/x86_64/PantryScoring.swiftmodule /Users/runner/work/Super-Chef/Super-Chef/build/Build/Products/Debug-iphonesimulator/PantryScoring.swiftmodule/x86_64-apple-ios-simulator.swiftmodule

SwiftDriverJobDiscovery normal x86_64 Compiling Models.swift (in target 'PantryScoring' from project 'Pantry' at path '/Users/runner/work/Super-Chef/Super-Chef/Package.swift')

Copy /Users/runner/work/Super-Chef/Super-Chef/build/Build/Products/Debug-iphonesimulator/PantryScoring.swiftmodule/x86_64-apple-ios-simulator.swiftdoc /Users/runner/work/Super-Chef/Super-Chef/build/Build/Intermediates.noindex/Pantry.build/Debug-iphonesimulator/PantryScoring.build/Objects-normal/x86_64/PantryScoring.swiftdoc (in target 'PantryScoring' from project 'Pantry' at path '/Users/runner/work/Super-Chef/Super-Chef/Package.swift')
    cd /Users/runner/work/Super-Chef/Super-Chef
    builtin-copy -exclude .DS_Store -exclude CVS -exclude .svn -exclude .git -exclude .hg -resolve-src-symlinks -rename /Users/runner/work/Super-Chef/Super-Chef/build/Build/Intermediates.noindex/Pantry.build/Debug-iphonesimulator/PantryScoring.build/Objects-normal/x86_64/PantryScoring.swiftdoc /Users/runner/work/Super-Chef/Super-Chef/build/Build/Products/Debug-iphonesimulator/PantryScoring.swiftmodule/x86_64-apple-ios-simulator.swiftdoc

Copy /Users/runner/work/Super-Chef/Super-Chef/build/Build/Products/Debug-iphonesimulator/PantryScoring.swiftmodule/x86_64-apple-ios-simulator.abi.json /Users/runner/work/Super-Chef/Super-Chef/build/Build/Intermediates.noindex/Pantry.build/Debug-iphonesimulator/PantryScoring.build/Objects-normal/x86_64/PantryScoring.abi.json (in target 'PantryScoring' from project 'Pantry' at path '/Users/runner/work/Super-Chef/Super-Chef/Package.swift')
    cd /Users/runner/work/Super-Chef/Super-Chef
    builtin-copy -exclude .DS_Store -exclude CVS -exclude .svn -exclude .git -exclude .hg -resolve-src-symlinks -rename /Users/runner/work/Super-Chef/Super-Chef/build/Build/Intermediates.noindex/Pantry.build/Debug-iphonesimulator/PantryScoring.build/Objects-normal/x86_64/PantryScoring.abi.json /Users/runner/work/Super-Chef/Super-Chef/build/Build/Products/Debug-iphonesimulator/PantryScoring.swiftmodule/x86_64-apple-ios-simulator.abi.json

Copy /Users/runner/work/Super-Chef/Super-Chef/build/Build/Products/Debug-iphonesimulator/PantryScoring.swiftmodule/Project/x86_64-apple-ios-simulator.swiftsourceinfo /Users/runner/work/Super-Chef/Super-Chef/build/Build/Intermediates.noindex/Pantry.build/Debug-iphonesimulator/PantryScoring.build/Objects-normal/x86_64/PantryScoring.swiftsourceinfo (in target 'PantryScoring' from project 'Pantry' at path '/Users/runner/work/Super-Chef/Super-Chef/Package.swift')
    cd /Users/runner/work/Super-Chef/Super-Chef
    builtin-copy -exclude .DS_Store -exclude CVS -exclude .svn -exclude .git -exclude .hg -resolve-src-symlinks -rename /Users/runner/work/Super-Chef/Super-Chef/build/Build/Intermediates.noindex/Pantry.build/Debug-iphonesimulator/PantryScoring.build/Objects-normal/x86_64/PantryScoring.swiftsourceinfo /Users/runner/work/Super-Chef/Super-Chef/build/Build/Products/Debug-iphonesimulator/PantryScoring.swiftmodule/Project/x86_64-apple-ios-simulator.swiftsourceinfo

SwiftCompile normal arm64 Compiling\ resource_bundle_accessor.swift,\ ContentLibrary.swift /Users/runner/work/Super-Chef/Super-Chef/build/Build/Intermediates.noindex/Pantry.build/Debug-iphonesimulator/PantryScoring.build/DerivedSources/resource_bundle_accessor.swift /Users/runner/work/Super-Chef/Super-Chef/Sources/PantryScoring/ContentLibrary.swift (in target 'PantryScoring' from project 'Pantry' at path '/Users/runner/work/Super-Chef/Super-Chef/Package.swift')

SwiftCompile normal arm64 /Users/runner/work/Super-Chef/Super-Chef/build/Build/Intermediates.noindex/Pantry.build/Debug-iphonesimulator/PantryScoring.build/DerivedSources/resource_bundle_accessor.swift (in target 'PantryScoring' from project 'Pantry' at path '/Users/runner/work/Super-Chef/Super-Chef/Package.swift')
    cd /Users/runner/work/Super-Chef/Super-Chef/App/Pantry.xcodeproj
    

SwiftCompile normal arm64 /Users/runner/work/Super-Chef/Super-Chef/Sources/PantryScoring/ContentLibrary.swift (in target 'PantryScoring' from project 'Pantry' at path '/Users/runner/work/Super-Chef/Super-Chef/Package.swift')
    cd /Users/runner/work/Super-Chef/Super-Chef/App/Pantry.xcodeproj
    

SwiftCompile normal arm64 Compiling\ Scorer.swift /Users/runner/work/Super-Chef/Super-Chef/Sources/PantryScoring/Scorer.swift (in target 'PantryScoring' from project 'Pantry' at path '/Users/runner/work/Super-Chef/Super-Chef/Package.swift')

SwiftCompile normal arm64 /Users/runner/work/Super-Chef/Super-Chef/Sources/PantryScoring/Scorer.swift (in target 'PantryScoring' from project 'Pantry' at path '/Users/runner/work/Super-Chef/Super-Chef/Package.swift')
    cd /Users/runner/work/Super-Chef/Super-Chef/App/Pantry.xcodeproj
    

SwiftDriverJobDiscovery normal arm64 Emitting module for PantryScoring (in target 'PantryScoring' from project 'Pantry' at path '/Users/runner/work/Super-Chef/Super-Chef/Package.swift')

SwiftDriver\ Compilation\ Requirements PantryScoring normal arm64 com.apple.xcode.tools.swift.compiler (in target 'PantryScoring' from project 'Pantry' at path '/Users/runner/work/Super-Chef/Super-Chef/Package.swift')
    cd /Users/runner/work/Super-Chef/Super-Chef/App/Pantry.xcodeproj
    builtin-Swift-Compilation-Requirements -- /Applications/Xcode_16.4.app/Contents/Developer/Toolchains/XcodeDefault.xctoolchain/usr/bin/swiftc -module-name PantryScoring -Onone -enforce-exclusivity\=checked @/Users/runner/work/Super-Chef/Super-Chef/build/Build/Intermediates.noindex/Pantry.build/Debug-iphonesimulator/PantryScoring.build/Objects-normal/arm64/PantryScoring.SwiftFileList -DSWIFT_PACKAGE -DDEBUG -DXcode -plugin-path /Applications/Xcode_16.4.app/Contents/Developer/Toolchains/XcodeDefault.xctoolchain/usr/lib/swift/host/plugins/testing -enable-experimental-feature DebugDescriptionMacro -sdk /Applications/Xcode_16.4.app/Contents/Developer/Platforms/iPhoneSimulator.platform/Developer/SDKs/iPhoneSimulator18.5.sdk -target arm64-apple-ios17.0-simulator -g -module-cache-path /Users/runner/work/Super-Chef/Super-Chef/build/ModuleCache.noindex -Xfrontend -serialize-debugging-options -enable-testing -suppress-warnings -index-store-path /Users/runner/work/Super-Chef/Super-Chef/build/Index.noindex/DataStore -swift-version 5 -I /Users/runner/work/Super-Chef/Super-Chef/build/Build/Products/Debug-iphonesimulator -I /Applications/Xcode_16.4.app/Contents/Developer/Platforms/iPhoneSimulator.platform/Developer/usr/lib -F /Users/runner/work/Super-Chef/Super-Chef/build/Build/Products/Debug-iphonesimulator -F /Applications/Xcode_16.4.app/Contents/Developer/Platforms/iPhoneSimulator.platform/Developer/Library/Frameworks -F /Applications/Xcode_16.4.app/Contents/Developer/Platforms/iPhoneSimulator.platform/Developer/SDKs/iPhoneSimulator18.5.sdk/Developer/Library/Frameworks -c -j3 -enable-batch-mode -incremental -Xcc -ivfsstatcache -Xcc /Users/runner/work/Super-Chef/Super-Chef/build/SDKStatCaches.noindex/iphonesimulator18.5-22F76-96ae0914227b19deccb34b33ba7b5dea.sdkstatcache -output-file-map /Users/runner/work/Super-Chef/Super-Chef/build/Build/Intermediates.noindex/Pantry.build/Debug-iphonesimulator/PantryScoring.build/Objects-normal/arm64/PantryScoring-OutputFileMap.json -use-frontend-parseable-output -save-temps -no-color-diagnostics -serialize-diagnostics -emit-dependencies -emit-module -emit-module-path /Users/runner/work/Super-Chef/Super-Chef/build/Build/Intermediates.noindex/Pantry.build/Debug-iphonesimulator/PantryScoring.build/Objects-normal/arm64/PantryScoring.swiftmodule -validate-clang-modules-once -clang-build-session-file /Users/runner/work/Super-Chef/Super-Chef/build/ModuleCache.noindex/Session.modulevalidation -package-name super_chef -Xcc -I/Users/runner/work/Super-Chef/Super-Chef/build/Build/Intermediates.noindex/Pantry.build/Debug-iphonesimulator/PantryScoring.build/swift-overrides.hmap -emit-const-values -Xfrontend -const-gather-protocols-file -Xfrontend /Users/runner/work/Super-Chef/Super-Chef/build/Build/Intermediates.noindex/Pantry.build/Debug-iphonesimulator/PantryScoring.build/Objects-normal/arm64/PantryScoring_const_extract_protocols.json -Xcc -I/Users/runner/work/Super-Chef/Super-Chef/build/Build/Products/Debug-iphonesimulator/include -Xcc -I/Users/runner/work/Super-Chef/Super-Chef/build/Build/Intermediates.noindex/Pantry.build/Debug-iphonesimulator/PantryScoring.build/DerivedSources-normal/arm64 -Xcc -I/Users/runner/work/Super-Chef/Super-Chef/build/Build/Intermediates.noindex/Pantry.build/Debug-iphonesimulator/PantryScoring.build/DerivedSources/arm64 -Xcc -I/Users/runner/work/Super-Chef/Super-Chef/build/Build/Intermediates.noindex/Pantry.build/Debug-iphonesimulator/PantryScoring.build/DerivedSources -Xcc -DSWIFT_PACKAGE -Xcc -DDEBUG\=1 -emit-objc-header -emit-objc-header-path /Users/runner/work/Super-Chef/Super-Chef/build/Build/Intermediates.noindex/Pantry.build/Debug-iphonesimulator/PantryScoring.build/Objects-normal/arm64/PantryScoring-Swift.h -working-directory /Users/runner/work/Super-Chef/Super-Chef/App/Pantry.xcodeproj -experimental-emit-module-separately -disable-cmo

SwiftDriverJobDiscovery normal arm64 Compiling resource_bundle_accessor.swift, ContentLibrary.swift (in target 'PantryScoring' from project 'Pantry' at path '/Users/runner/work/Super-Chef/Super-Chef/Package.swift')

SwiftCompile normal x86_64 Compiling\ resource_bundle_accessor.swift,\ ContentLibrary.swift /Users/runner/work/Super-Chef/Super-Chef/build/Build/Intermediates.noindex/Pantry.build/Debug-iphonesimulator/PantryScoring.build/DerivedSources/resource_bundle_accessor.swift /Users/runner/work/Super-Chef/Super-Chef/Sources/PantryScoring/ContentLibrary.swift (in target 'PantryScoring' from project 'Pantry' at path '/Users/runner/work/Super-Chef/Super-Chef/Package.swift')
SwiftCompile normal x86_64 /Users/runner/work/Super-Chef/Super-Chef/build/Build/Intermediates.noindex/Pantry.build/Debug-iphonesimulator/PantryScoring.build/DerivedSources/resource_bundle_accessor.swift (in target 'PantryScoring' from project 'Pantry' at path '/Users/runner/work/Super-Chef/Super-Chef/Package.swift')
    cd /Users/runner/work/Super-Chef/Super-Chef/App/Pantry.xcodeproj
    

SwiftCompile normal x86_64 /Users/runner/work/Super-Chef/Super-Chef/Sources/PantryScoring/ContentLibrary.swift (in target 'PantryScoring' from project 'Pantry' at path '/Users/runner/work/Super-Chef/Super-Chef/Package.swift')
    cd /Users/runner/work/Super-Chef/Super-Chef/App/Pantry.xcodeproj
    

SwiftMergeGeneratedHeaders /Users/runner/work/Super-Chef/Super-Chef/build/Build/Intermediates.noindex/GeneratedModuleMaps-iphonesimulator/PantryScoring-Swift.h /Users/runner/work/Super-Chef/Super-Chef/build/Build/Intermediates.noindex/Pantry.build/Debug-iphonesimulator/PantryScoring.build/Objects-normal/arm64/PantryScoring-Swift.h /Users/runner/work/Super-Chef/Super-Chef/build/Build/Intermediates.noindex/Pantry.build/Debug-iphonesimulator/PantryScoring.build/Objects-normal/x86_64/PantryScoring-Swift.h (in target 'PantryScoring' from project 'Pantry' at path '/Users/runner/work/Super-Chef/Super-Chef/Package.swift')
    cd /Users/runner/work/Super-Chef/Super-Chef
    builtin-swiftHeaderTool -arch arm64 /Users/runner/work/Super-Chef/Super-Chef/build/Build/Intermediates.noindex/Pantry.build/Debug-iphonesimulator/PantryScoring.build/Objects-normal/arm64/PantryScoring-Swift.h -arch x86_64 /Users/runner/work/Super-Chef/Super-Chef/build/Build/Intermediates.noindex/Pantry.build/Debug-iphonesimulator/PantryScoring.build/Objects-normal/x86_64/PantryScoring-Swift.h -o /Users/runner/work/Super-Chef/Super-Chef/build/Build/Intermediates.noindex/GeneratedModuleMaps-iphonesimulator/PantryScoring-Swift.h

SwiftDriverJobDiscovery normal arm64 Compiling Scorer.swift (in target 'PantryScoring' from project 'Pantry' at path '/Users/runner/work/Super-Chef/Super-Chef/Package.swift')

Copy /Users/runner/work/Super-Chef/Super-Chef/build/Build/Products/Debug-iphonesimulator/PantryScoring.swiftmodule/arm64-apple-ios-simulator.swiftmodule /Users/runner/work/Super-Chef/Super-Chef/build/Build/Intermediates.noindex/Pantry.build/Debug-iphonesimulator/PantryScoring.build/Objects-normal/arm64/PantryScoring.swiftmodule (in target 'PantryScoring' from project 'Pantry' at path '/Users/runner/work/Super-Chef/Super-Chef/Package.swift')
    cd /Users/runner/work/Super-Chef/Super-Chef
    builtin-copy -exclude .DS_Store -exclude CVS -exclude .svn -exclude .git -exclude .hg -resolve-src-symlinks -rename /Users/runner/work/Super-Chef/Super-Chef/build/Build/Intermediates.noindex/Pantry.build/Debug-iphonesimulator/PantryScoring.build/Objects-normal/arm64/PantryScoring.swiftmodule /Users/runner/work/Super-Chef/Super-Chef/build/Build/Products/Debug-iphonesimulator/PantryScoring.swiftmodule/arm64-apple-ios-simulator.swiftmodule

Copy /Users/runner/work/Super-Chef/Super-Chef/build/Build/Products/Debug-iphonesimulator/PantryScoring.swiftmodule/arm64-apple-ios-simulator.swiftdoc /Users/runner/work/Super-Chef/Super-Chef/build/Build/Intermediates.noindex/Pantry.build/Debug-iphonesimulator/PantryScoring.build/Objects-normal/arm64/PantryScoring.swiftdoc (in target 'PantryScoring' from project 'Pantry' at path '/Users/runner/work/Super-Chef/Super-Chef/Package.swift')
    cd /Users/runner/work/Super-Chef/Super-Chef
    builtin-copy -exclude .DS_Store -exclude CVS -exclude .svn -exclude .git -exclude .hg -resolve-src-symlinks -rename /Users/runner/work/Super-Chef/Super-Chef/build/Build/Intermediates.noindex/Pantry.build/Debug-iphonesimulator/PantryScoring.build/Objects-normal/arm64/PantryScoring.swiftdoc /Users/runner/work/Super-Chef/Super-Chef/build/Build/Products/Debug-iphonesimulator/PantryScoring.swiftmodule/arm64-apple-ios-simulator.swiftdoc

Copy /Users/runner/work/Super-Chef/Super-Chef/build/Build/Products/Debug-iphonesimulator/PantryScoring.swiftmodule/arm64-apple-ios-simulator.abi.json /Users/runner/work/Super-Chef/Super-Chef/build/Build/Intermediates.noindex/Pantry.build/Debug-iphonesimulator/PantryScoring.build/Objects-normal/arm64/PantryScoring.abi.json (in target 'PantryScoring' from project 'Pantry' at path '/Users/runner/work/Super-Chef/Super-Chef/Package.swift')
    cd /Users/runner/work/Super-Chef/Super-Chef
    builtin-copy -exclude .DS_Store -exclude CVS -exclude .svn -exclude .git -exclude .hg -resolve-src-symlinks -rename /Users/runner/work/Super-Chef/Super-Chef/build/Build/Intermediates.noindex/Pantry.build/Debug-iphonesimulator/PantryScoring.build/Objects-normal/arm64/PantryScoring.abi.json /Users/runner/work/Super-Chef/Super-Chef/build/Build/Products/Debug-iphonesimulator/PantryScoring.swiftmodule/arm64-apple-ios-simulator.abi.json

Copy /Users/runner/work/Super-Chef/Super-Chef/build/Build/Products/Debug-iphonesimulator/PantryScoring.swiftmodule/Project/arm64-apple-ios-simulator.swiftsourceinfo /Users/runner/work/Super-Chef/Super-Chef/build/Build/Intermediates.noindex/Pantry.build/Debug-iphonesimulator/PantryScoring.build/Objects-normal/arm64/PantryScoring.swiftsourceinfo (in target 'PantryScoring' from project 'Pantry' at path '/Users/runner/work/Super-Chef/Super-Chef/Package.swift')
    cd /Users/runner/work/Super-Chef/Super-Chef
    builtin-copy -exclude .DS_Store -exclude CVS -exclude .svn -exclude .git -exclude .hg -resolve-src-symlinks -rename /Users/runner/work/Super-Chef/Super-Chef/build/Build/Intermediates.noindex/Pantry.build/Debug-iphonesimulator/PantryScoring.build/Objects-normal/arm64/PantryScoring.swiftsourceinfo /Users/runner/work/Super-Chef/Super-Chef/build/Build/Products/Debug-iphonesimulator/PantryScoring.swiftmodule/Project/arm64-apple-ios-simulator.swiftsourceinfo

SwiftDriver PantryGame normal x86_64 com.apple.xcode.tools.swift.compiler (in target 'PantryGame' from project 'Pantry' at path '/Users/runner/work/Super-Chef/Super-Chef/Package.swift')
    cd /Users/runner/work/Super-Chef/Super-Chef/App/Pantry.xcodeproj
    builtin-SwiftDriver -- /Applications/Xcode_16.4.app/Contents/Developer/Toolchains/XcodeDefault.xctoolchain/usr/bin/swiftc -module-name PantryGame -Onone -enforce-exclusivity\=checked @/Users/runner/work/Super-Chef/Super-Chef/build/Build/Intermediates.noindex/Pantry.build/Debug-iphonesimulator/PantryGame.build/Objects-normal/x86_64/PantryGame.SwiftFileList -DSWIFT_PACKAGE -DDEBUG -DXcode -plugin-path /Applications/Xcode_16.4.app/Contents/Developer/Toolchains/XcodeDefault.xctoolchain/usr/lib/swift/host/plugins/testing -enable-experimental-feature DebugDescriptionMacro -sdk /Applications/Xcode_16.4.app/Contents/Developer/Platforms/iPhoneSimulator.platform/Developer/SDKs/iPhoneSimulator18.5.sdk -target x86_64-apple-ios17.0-simulator -g -module-cache-path /Users/runner/work/Super-Chef/Super-Chef/build/ModuleCache.noindex -Xfrontend -serialize-debugging-options -enable-testing -suppress-warnings -index-store-path /Users/runner/work/Super-Chef/Super-Chef/build/Index.noindex/DataStore -swift-version 5 -I /Users/runner/work/Super-Chef/Super-Chef/build/Build/Products/Debug-iphonesimulator -I /Applications/Xcode_16.4.app/Contents/Developer/Platforms/iPhoneSimulator.platform/Developer/usr/lib -F /Users/runner/work/Super-Chef/Super-Chef/build/Build/Products/Debug-iphonesimulator/PackageFrameworks -F /Users/runner/work/Super-Chef/Super-Chef/build/Build/Products/Debug-iphonesimulator -F /Applications/Xcode_16.4.app/Contents/Developer/Platforms/iPhoneSimulator.platform/Developer/Library/Frameworks -F /Applications/Xcode_16.4.app/Contents/Developer/Platforms/iPhoneSimulator.platform/Developer/SDKs/iPhoneSimulator18.5.sdk/Developer/Library/Frameworks -c -j3 -enable-batch-mode -incremental -Xcc -ivfsstatcache -Xcc /Users/runner/work/Super-Chef/Super-Chef/build/SDKStatCaches.noindex/iphonesimulator18.5-22F76-96ae0914227b19deccb34b33ba7b5dea.sdkstatcache -output-file-map /Users/runner/work/Super-Chef/Super-Chef/build/Build/Intermediates.noindex/Pantry.build/Debug-iphonesimulator/PantryGame.build/Objects-normal/x86_64/PantryGame-OutputFileMap.json -use-frontend-parseable-output -save-temps -no-color-diagnostics -serialize-diagnostics -emit-dependencies -emit-module -emit-module-path /Users/runner/work/Super-Chef/Super-Chef/build/Build/Intermediates.noindex/Pantry.build/Debug-iphonesimulator/PantryGame.build/Objects-normal/x86_64/PantryGame.swiftmodule -validate-clang-modules-once -clang-build-session-file /Users/runner/work/Super-Chef/Super-Chef/build/ModuleCache.noindex/Session.modulevalidation -package-name super_chef -Xcc -I/Users/runner/work/Super-Chef/Super-Chef/build/Build/Intermediates.noindex/Pantry.build/Debug-iphonesimulator/PantryGame.build/swift-overrides.hmap -emit-const-values -Xfrontend -const-gather-protocols-file -Xfrontend /Users/runner/work/Super-Chef/Super-Chef/build/Build/Intermediates.noindex/Pantry.build/Debug-iphonesimulator/PantryGame.build/Objects-normal/x86_64/PantryGame_const_extract_protocols.json -Xcc -I/Users/runner/work/Super-Chef/Super-Chef/build/Build/Products/Debug-iphonesimulator/include -Xcc -I/Users/runner/work/Super-Chef/Super-Chef/build/Build/Intermediates.noindex/Pantry.build/Debug-iphonesimulator/PantryGame.build/DerivedSources-normal/x86_64 -Xcc -I/Users/runner/work/Super-Chef/Super-Chef/build/Build/Intermediates.noindex/Pantry.build/Debug-iphonesimulator/PantryGame.build/DerivedSources/x86_64 -Xcc -I/Users/runner/work/Super-Chef/Super-Chef/build/Build/Intermediates.noindex/Pantry.build/Debug-iphonesimulator/PantryGame.build/DerivedSources -Xcc -DSWIFT_PACKAGE -Xcc -DDEBUG\=1 -emit-objc-header -emit-objc-header-path /Users/runner/work/Super-Chef/Super-Chef/build/Build/Intermediates.noindex/Pantry.build/Debug-iphonesimulator/PantryGame.build/Objects-normal/x86_64/PantryGame-Swift.h -working-directory /Users/runner/work/Super-Chef/Super-Chef/App/Pantry.xcodeproj -experimental-emit-module-separately -disable-cmo

SwiftDriver PantryGame normal arm64 com.apple.xcode.tools.swift.compiler (in target 'PantryGame' from project 'Pantry' at path '/Users/runner/work/Super-Chef/Super-Chef/Package.swift')
    cd /Users/runner/work/Super-Chef/Super-Chef/App/Pantry.xcodeproj
    builtin-SwiftDriver -- /Applications/Xcode_16.4.app/Contents/Developer/Toolchains/XcodeDefault.xctoolchain/usr/bin/swiftc -module-name PantryGame -Onone -enforce-exclusivity\=checked @/Users/runner/work/Super-Chef/Super-Chef/build/Build/Intermediates.noindex/Pantry.build/Debug-iphonesimulator/PantryGame.build/Objects-normal/arm64/PantryGame.SwiftFileList -DSWIFT_PACKAGE -DDEBUG -DXcode -plugin-path /Applications/Xcode_16.4.app/Contents/Developer/Toolchains/XcodeDefault.xctoolchain/usr/lib/swift/host/plugins/testing -enable-experimental-feature DebugDescriptionMacro -sdk /Applications/Xcode_16.4.app/Contents/Developer/Platforms/iPhoneSimulator.platform/Developer/SDKs/iPhoneSimulator18.5.sdk -target arm64-apple-ios17.0-simulator -g -module-cache-path /Users/runner/work/Super-Chef/Super-Chef/build/ModuleCache.noindex -Xfrontend -serialize-debugging-options -enable-testing -suppress-warnings -index-store-path /Users/runner/work/Super-Chef/Super-Chef/build/Index.noindex/DataStore -swift-version 5 -I /Users/runner/work/Super-Chef/Super-Chef/build/Build/Products/Debug-iphonesimulator -I /Applications/Xcode_16.4.app/Contents/Developer/Platforms/iPhoneSimulator.platform/Developer/usr/lib -F /Users/runner/work/Super-Chef/Super-Chef/build/Build/Products/Debug-iphonesimulator/PackageFrameworks -F /Users/runner/work/Super-Chef/Super-Chef/build/Build/Products/Debug-iphonesimulator -F /Applications/Xcode_16.4.app/Contents/Developer/Platforms/iPhoneSimulator.platform/Developer/Library/Frameworks -F /Applications/Xcode_16.4.app/Contents/Developer/Platforms/iPhoneSimulator.platform/Developer/SDKs/iPhoneSimulator18.5.sdk/Developer/Library/Frameworks -c -j3 -enable-batch-mode -incremental -Xcc -ivfsstatcache -Xcc /Users/runner/work/Super-Chef/Super-Chef/build/SDKStatCaches.noindex/iphonesimulator18.5-22F76-96ae0914227b19deccb34b33ba7b5dea.sdkstatcache -output-file-map /Users/runner/work/Super-Chef/Super-Chef/build/Build/Intermediates.noindex/Pantry.build/Debug-iphonesimulator/PantryGame.build/Objects-normal/arm64/PantryGame-OutputFileMap.json -use-frontend-parseable-output -save-temps -no-color-diagnostics -serialize-diagnostics -emit-dependencies -emit-module -emit-module-path /Users/runner/work/Super-Chef/Super-Chef/build/Build/Intermediates.noindex/Pantry.build/Debug-iphonesimulator/PantryGame.build/Objects-normal/arm64/PantryGame.swiftmodule -validate-clang-modules-once -clang-build-session-file /Users/runner/work/Super-Chef/Super-Chef/build/ModuleCache.noindex/Session.modulevalidation -package-name super_chef -Xcc -I/Users/runner/work/Super-Chef/Super-Chef/build/Build/Intermediates.noindex/Pantry.build/Debug-iphonesimulator/PantryGame.build/swift-overrides.hmap -emit-const-values -Xfrontend -const-gather-protocols-file -Xfrontend /Users/runner/work/Super-Chef/Super-Chef/build/Build/Intermediates.noindex/Pantry.build/Debug-iphonesimulator/PantryGame.build/Objects-normal/arm64/PantryGame_const_extract_protocols.json -Xcc -I/Users/runner/work/Super-Chef/Super-Chef/build/Build/Products/Debug-iphonesimulator/include -Xcc -I/Users/runner/work/Super-Chef/Super-Chef/build/Build/Intermediates.noindex/Pantry.build/Debug-iphonesimulator/PantryGame.build/DerivedSources-normal/arm64 -Xcc -I/Users/runner/work/Super-Chef/Super-Chef/build/Build/Intermediates.noindex/Pantry.build/Debug-iphonesimulator/PantryGame.build/DerivedSources/arm64 -Xcc -I/Users/runner/work/Super-Chef/Super-Chef/build/Build/Intermediates.noindex/Pantry.build/Debug-iphonesimulator/PantryGame.build/DerivedSources -Xcc -DSWIFT_PACKAGE -Xcc -DDEBUG\=1 -emit-objc-header -emit-objc-header-path /Users/runner/work/Super-Chef/Super-Chef/build/Build/Intermediates.noindex/Pantry.build/Debug-iphonesimulator/PantryGame.build/Objects-normal/arm64/PantryGame-Swift.h -working-directory /Users/runner/work/Super-Chef/Super-Chef/App/Pantry.xcodeproj -experimental-emit-module-separately -disable-cmo

SwiftEmitModule normal x86_64 Emitting\ module\ for\ PantryGame (in target 'PantryGame' from project 'Pantry' at path '/Users/runner/work/Super-Chef/Super-Chef/Package.swift')

EmitSwiftModule normal x86_64 (in target 'PantryGame' from project 'Pantry' at path '/Users/runner/work/Super-Chef/Super-Chef/Package.swift')
    cd /Users/runner/work/Super-Chef/Super-Chef/App/Pantry.xcodeproj
    

SwiftEmitModule normal arm64 Emitting\ module\ for\ PantryGame (in target 'PantryGame' from project 'Pantry' at path '/Users/runner/work/Super-Chef/Super-Chef/Package.swift')

EmitSwiftModule normal arm64 (in target 'PantryGame' from project 'Pantry' at path '/Users/runner/work/Super-Chef/Super-Chef/Package.swift')
    cd /Users/runner/work/Super-Chef/Super-Chef/App/Pantry.xcodeproj
    

SwiftDriverJobDiscovery normal arm64 Compiling Models.swift (in target 'PantryScoring' from project 'Pantry' at path '/Users/runner/work/Super-Chef/Super-Chef/Package.swift')

SwiftDriver\ Compilation PantryScoring normal arm64 com.apple.xcode.tools.swift.compiler (in target 'PantryScoring' from project 'Pantry' at path '/Users/runner/work/Super-Chef/Super-Chef/Package.swift')
    cd /Users/runner/work/Super-Chef/Super-Chef/App/Pantry.xcodeproj
    builtin-Swift-Compilation -- /Applications/Xcode_16.4.app/Contents/Developer/Toolchains/XcodeDefault.xctoolchain/usr/bin/swiftc -module-name PantryScoring -Onone -enforce-exclusivity\=checked @/Users/runner/work/Super-Chef/Super-Chef/build/Build/Intermediates.noindex/Pantry.build/Debug-iphonesimulator/PantryScoring.build/Objects-normal/arm64/PantryScoring.SwiftFileList -DSWIFT_PACKAGE -DDEBUG -DXcode -plugin-path /Applications/Xcode_16.4.app/Contents/Developer/Toolchains/XcodeDefault.xctoolchain/usr/lib/swift/host/plugins/testing -enable-experimental-feature DebugDescriptionMacro -sdk /Applications/Xcode_16.4.app/Contents/Developer/Platforms/iPhoneSimulator.platform/Developer/SDKs/iPhoneSimulator18.5.sdk -target arm64-apple-ios17.0-simulator -g -module-cache-path /Users/runner/work/Super-Chef/Super-Chef/build/ModuleCache.noindex -Xfrontend -serialize-debugging-options -enable-testing -suppress-warnings -index-store-path /Users/runner/work/Super-Chef/Super-Chef/build/Index.noindex/DataStore -swift-version 5 -I /Users/runner/work/Super-Chef/Super-Chef/build/Build/Products/Debug-iphonesimulator -I /Applications/Xcode_16.4.app/Contents/Developer/Platforms/iPhoneSimulator.platform/Developer/usr/lib -F /Users/runner/work/Super-Chef/Super-Chef/build/Build/Products/Debug-iphonesimulator -F /Applications/Xcode_16.4.app/Contents/Developer/Platforms/iPhoneSimulator.platform/Developer/Library/Frameworks -F /Applications/Xcode_16.4.app/Contents/Developer/Platforms/iPhoneSimulator.platform/Developer/SDKs/iPhoneSimulator18.5.sdk/Developer/Library/Frameworks -c -j3 -enable-batch-mode -incremental -Xcc -ivfsstatcache -Xcc /Users/runner/work/Super-Chef/Super-Chef/build/SDKStatCaches.noindex/iphonesimulator18.5-22F76-96ae0914227b19deccb34b33ba7b5dea.sdkstatcache -output-file-map /Users/runner/work/Super-Chef/Super-Chef/build/Build/Intermediates.noindex/Pantry.build/Debug-iphonesimulator/PantryScoring.build/Objects-normal/arm64/PantryScoring-OutputFileMap.json -use-frontend-parseable-output -save-temps -no-color-diagnostics -serialize-diagnostics -emit-dependencies -emit-module -emit-module-path /Users/runner/work/Super-Chef/Super-Chef/build/Build/Intermediates.noindex/Pantry.build/Debug-iphonesimulator/PantryScoring.build/Objects-normal/arm64/PantryScoring.swiftmodule -validate-clang-modules-once -clang-build-session-file /Users/runner/work/Super-Chef/Super-Chef/build/ModuleCache.noindex/Session.modulevalidation -package-name super_chef -Xcc -I/Users/runner/work/Super-Chef/Super-Chef/build/Build/Intermediates.noindex/Pantry.build/Debug-iphonesimulator/PantryScoring.build/swift-overrides.hmap -emit-const-values -Xfrontend -const-gather-protocols-file -Xfrontend /Users/runner/work/Super-Chef/Super-Chef/build/Build/Intermediates.noindex/Pantry.build/Debug-iphonesimulator/PantryScoring.build/Objects-normal/arm64/PantryScoring_const_extract_protocols.json -Xcc -I/Users/runner/work/Super-Chef/Super-Chef/build/Build/Products/Debug-iphonesimulator/include -Xcc -I/Users/runner/work/Super-Chef/Super-Chef/build/Build/Intermediates.noindex/Pantry.build/Debug-iphonesimulator/PantryScoring.build/DerivedSources-normal/arm64 -Xcc -I/Users/runner/work/Super-Chef/Super-Chef/build/Build/Intermediates.noindex/Pantry.build/Debug-iphonesimulator/PantryScoring.build/DerivedSources/arm64 -Xcc -I/Users/runner/work/Super-Chef/Super-Chef/build/Build/Intermediates.noindex/Pantry.build/Debug-iphonesimulator/PantryScoring.build/DerivedSources -Xcc -DSWIFT_PACKAGE -Xcc -DDEBUG\=1 -emit-objc-header -emit-objc-header-path /Users/runner/work/Super-Chef/Super-Chef/build/Build/Intermediates.noindex/Pantry.build/Debug-iphonesimulator/PantryScoring.build/Objects-normal/arm64/PantryScoring-Swift.h -working-directory /Users/runner/work/Super-Chef/Super-Chef/App/Pantry.xcodeproj -experimental-emit-module-separately -disable-cmo

SwiftDriverJobDiscovery normal x86_64 Emitting module for PantryGame (in target 'PantryGame' from project 'Pantry' at path '/Users/runner/work/Super-Chef/Super-Chef/Package.swift')

SwiftDriver\ Compilation\ Requirements PantryGame normal x86_64 com.apple.xcode.tools.swift.compiler (in target 'PantryGame' from project 'Pantry' at path '/Users/runner/work/Super-Chef/Super-Chef/Package.swift')
    cd /Users/runner/work/Super-Chef/Super-Chef/App/Pantry.xcodeproj
    builtin-Swift-Compilation-Requirements -- /Applications/Xcode_16.4.app/Contents/Developer/Toolchains/XcodeDefault.xctoolchain/usr/bin/swiftc -module-name PantryGame -Onone -enforce-exclusivity\=checked @/Users/runner/work/Super-Chef/Super-Chef/build/Build/Intermediates.noindex/Pantry.build/Debug-iphonesimulator/PantryGame.build/Objects-normal/x86_64/PantryGame.SwiftFileList -DSWIFT_PACKAGE -DDEBUG -DXcode -plugin-path /Applications/Xcode_16.4.app/Contents/Developer/Toolchains/XcodeDefault.xctoolchain/usr/lib/swift/host/plugins/testing -enable-experimental-feature DebugDescriptionMacro -sdk /Applications/Xcode_16.4.app/Contents/Developer/Platforms/iPhoneSimulator.platform/Developer/SDKs/iPhoneSimulator18.5.sdk -target x86_64-apple-ios17.0-simulator -g -module-cache-path /Users/runner/work/Super-Chef/Super-Chef/build/ModuleCache.noindex -Xfrontend -serialize-debugging-options -enable-testing -suppress-warnings -index-store-path /Users/runner/work/Super-Chef/Super-Chef/build/Index.noindex/DataStore -swift-version 5 -I /Users/runner/work/Super-Chef/Super-Chef/build/Build/Products/Debug-iphonesimulator -I /Applications/Xcode_16.4.app/Contents/Developer/Platforms/iPhoneSimulator.platform/Developer/usr/lib -F /Users/runner/work/Super-Chef/Super-Chef/build/Build/Products/Debug-iphonesimulator/PackageFrameworks -F /Users/runner/work/Super-Chef/Super-Chef/build/Build/Products/Debug-iphonesimulator -F /Applications/Xcode_16.4.app/Contents/Developer/Platforms/iPhoneSimulator.platform/Developer/Library/Frameworks -F /Applications/Xcode_16.4.app/Contents/Developer/Platforms/iPhoneSimulator.platform/Developer/SDKs/iPhoneSimulator18.5.sdk/Developer/Library/Frameworks -c -j3 -enable-batch-mode -incremental -Xcc -ivfsstatcache -Xcc /Users/runner/work/Super-Chef/Super-Chef/build/SDKStatCaches.noindex/iphonesimulator18.5-22F76-96ae0914227b19deccb34b33ba7b5dea.sdkstatcache -output-file-map /Users/runner/work/Super-Chef/Super-Chef/build/Build/Intermediates.noindex/Pantry.build/Debug-iphonesimulator/PantryGame.build/Objects-normal/x86_64/PantryGame-OutputFileMap.json -use-frontend-parseable-output -save-temps -no-color-diagnostics -serialize-diagnostics -emit-dependencies -emit-module -emit-module-path /Users/runner/work/Super-Chef/Super-Chef/build/Build/Intermediates.noindex/Pantry.build/Debug-iphonesimulator/PantryGame.build/Objects-normal/x86_64/PantryGame.swiftmodule -validate-clang-modules-once -clang-build-session-file /Users/runner/work/Super-Chef/Super-Chef/build/ModuleCache.noindex/Session.modulevalidation -package-name super_chef -Xcc -I/Users/runner/work/Super-Chef/Super-Chef/build/Build/Intermediates.noindex/Pantry.build/Debug-iphonesimulator/PantryGame.build/swift-overrides.hmap -emit-const-values -Xfrontend -const-gather-protocols-file -Xfrontend /Users/runner/work/Super-Chef/Super-Chef/build/Build/Intermediates.noindex/Pantry.build/Debug-iphonesimulator/PantryGame.build/Objects-normal/x86_64/PantryGame_const_extract_protocols.json -Xcc -I/Users/runner/work/Super-Chef/Super-Chef/build/Build/Products/Debug-iphonesimulator/include -Xcc -I/Users/runner/work/Super-Chef/Super-Chef/build/Build/Intermediates.noindex/Pantry.build/Debug-iphonesimulator/PantryGame.build/DerivedSources-normal/x86_64 -Xcc -I/Users/runner/work/Super-Chef/Super-Chef/build/Build/Intermediates.noindex/Pantry.build/Debug-iphonesimulator/PantryGame.build/DerivedSources/x86_64 -Xcc -I/Users/runner/work/Super-Chef/Super-Chef/build/Build/Intermediates.noindex/Pantry.build/Debug-iphonesimulator/PantryGame.build/DerivedSources -Xcc -DSWIFT_PACKAGE -Xcc -DDEBUG\=1 -emit-objc-header -emit-objc-header-path /Users/runner/work/Super-Chef/Super-Chef/build/Build/Intermediates.noindex/Pantry.build/Debug-iphonesimulator/PantryGame.build/Objects-normal/x86_64/PantryGame-Swift.h -working-directory /Users/runner/work/Super-Chef/Super-Chef/App/Pantry.xcodeproj -experimental-emit-module-separately -disable-cmo

Ld /Users/runner/work/Super-Chef/Super-Chef/build/Build/Intermediates.noindex/Pantry.build/Debug-iphonesimulator/PantryScoring.build/Objects-normal/arm64/Binary/PantryScoring.o normal arm64 (in target 'PantryScoring' from project 'Pantry' at path '/Users/runner/work/Super-Chef/Super-Chef/Package.swift')
    cd /Users/runner/work/Super-Chef/Super-Chef
    /Applications/Xcode_16.4.app/Contents/Developer/Toolchains/XcodeDefault.xctoolchain/usr/bin/clang -Xlinker -reproducible -target arm64-apple-ios17.0-simulator -r -isysroot /Applications/Xcode_16.4.app/Contents/Developer/Platforms/iPhoneSimulator.platform/Developer/SDKs/iPhoneSimulator18.5.sdk -O0 -w -L/Users/runner/work/Super-Chef/Super-Chef/build/Build/Intermediates.noindex/EagerLinkingTBDs/Debug-iphonesimulator -L/Users/runner/work/Super-Chef/Super-Chef/build/Build/Products/Debug-iphonesimulator -L/Applications/Xcode_16.4.app/Contents/Developer/Platforms/iPhoneSimulator.platform/Developer/usr/lib -F/Users/runner/work/Super-Chef/Super-Chef/build/Build/Intermediates.noindex/EagerLinkingTBDs/Debug-iphonesimulator -F/Users/runner/work/Super-Chef/Super-Chef/build/Build/Products/Debug-iphonesimulator -iframework /Applications/Xcode_16.4.app/Contents/Developer/Platforms/iPhoneSimulator.platform/Developer/Library/Frameworks -iframework /Applications/Xcode_16.4.app/Contents/Developer/Platforms/iPhoneSimulator.platform/Developer/SDKs/iPhoneSimulator18.5.sdk/Developer/Library/Frameworks -filelist /Users/runner/work/Super-Chef/Super-Chef/build/Build/Intermediates.noindex/Pantry.build/Debug-iphonesimulator/PantryScoring.build/Objects-normal/arm64/PantryScoring.LinkFileList -nostdlib -Xlinker -object_path_lto -Xlinker /Users/runner/work/Super-Chef/Super-Chef/build/Build/Intermediates.noindex/Pantry.build/Debug-iphonesimulator/PantryScoring.build/Objects-normal/arm64/PantryScoring_lto.o -rdynamic -Xlinker -no_deduplicate -Xlinker -objc_abi_version -Xlinker 2 -Xlinker -dependency_info -Xlinker /Users/runner/work/Super-Chef/Super-Chef/build/Build/Intermediates.noindex/Pantry.build/Debug-iphonesimulator/PantryScoring.build/Objects-normal/arm64/PantryScoring_dependency_info.dat -fobjc-link-runtime -L/Applications/Xcode_16.4.app/Contents/Developer/Toolchains/XcodeDefault.xctoolchain/usr/lib/swift/iphonesimulator -L/usr/lib/swift -Xlinker -add_ast_path -Xlinker /Users/runner/work/Super-Chef/Super-Chef/build/Build/Intermediates.noindex/Pantry.build/Debug-iphonesimulator/PantryScoring.build/Objects-normal/arm64/PantryScoring.swiftmodule -o /Users/runner/work/Super-Chef/Super-Chef/build/Build/Intermediates.noindex/Pantry.build/Debug-iphonesimulator/PantryScoring.build/Objects-normal/arm64/Binary/PantryScoring.o

Copy /Users/runner/work/Super-Chef/Super-Chef/build/Build/Products/Debug-iphonesimulator/PantryGame.swiftmodule/x86_64-apple-ios-simulator.swiftmodule /Users/runner/work/Super-Chef/Super-Chef/build/Build/Intermediates.noindex/Pantry.build/Debug-iphonesimulator/PantryGame.build/Objects-normal/x86_64/PantryGame.swiftmodule (in target 'PantryGame' from project 'Pantry' at path '/Users/runner/work/Super-Chef/Super-Chef/Package.swift')
    cd /Users/runner/work/Super-Chef/Super-Chef
    builtin-copy -exclude .DS_Store -exclude CVS -exclude .svn -exclude .git -exclude .hg -resolve-src-symlinks -rename /Users/runner/work/Super-Chef/Super-Chef/build/Build/Intermediates.noindex/Pantry.build/Debug-iphonesimulator/PantryGame.build/Objects-normal/x86_64/PantryGame.swiftmodule /Users/runner/work/Super-Chef/Super-Chef/build/Build/Products/Debug-iphonesimulator/PantryGame.swiftmodule/x86_64-apple-ios-simulator.swiftmodule

Copy /Users/runner/work/Super-Chef/Super-Chef/build/Build/Products/Debug-iphonesimulator/PantryGame.swiftmodule/x86_64-apple-ios-simulator.swiftdoc /Users/runner/work/Super-Chef/Super-Chef/build/Build/Intermediates.noindex/Pantry.build/Debug-iphonesimulator/PantryGame.build/Objects-normal/x86_64/PantryGame.swiftdoc (in target 'PantryGame' from project 'Pantry' at path '/Users/runner/work/Super-Chef/Super-Chef/Package.swift')
    cd /Users/runner/work/Super-Chef/Super-Chef
    builtin-copy -exclude .DS_Store -exclude CVS -exclude .svn -exclude .git -exclude .hg -resolve-src-symlinks -rename /Users/runner/work/Super-Chef/Super-Chef/build/Build/Intermediates.noindex/Pantry.build/Debug-iphonesimulator/PantryGame.build/Objects-normal/x86_64/PantryGame.swiftdoc /Users/runner/work/Super-Chef/Super-Chef/build/Build/Products/Debug-iphonesimulator/PantryGame.swiftmodule/x86_64-apple-ios-simulator.swiftdoc

Copy /Users/runner/work/Super-Chef/Super-Chef/build/Build/Products/Debug-iphonesimulator/PantryGame.swiftmodule/x86_64-apple-ios-simulator.abi.json /Users/runner/work/Super-Chef/Super-Chef/build/Build/Intermediates.noindex/Pantry.build/Debug-iphonesimulator/PantryGame.build/Objects-normal/x86_64/PantryGame.abi.json (in target 'PantryGame' from project 'Pantry' at path '/Users/runner/work/Super-Chef/Super-Chef/Package.swift')
    cd /Users/runner/work/Super-Chef/Super-Chef
    builtin-copy -exclude .DS_Store -exclude CVS -exclude .svn -exclude .git -exclude .hg -resolve-src-symlinks -rename /Users/runner/work/Super-Chef/Super-Chef/build/Build/Intermediates.noindex/Pantry.build/Debug-iphonesimulator/PantryGame.build/Objects-normal/x86_64/PantryGame.abi.json /Users/runner/work/Super-Chef/Super-Chef/build/Build/Products/Debug-iphonesimulator/PantryGame.swiftmodule/x86_64-apple-ios-simulator.abi.json

Copy /Users/runner/work/Super-Chef/Super-Chef/build/Build/Products/Debug-iphonesimulator/PantryGame.swiftmodule/Project/x86_64-apple-ios-simulator.swiftsourceinfo /Users/runner/work/Super-Chef/Super-Chef/build/Build/Intermediates.noindex/Pantry.build/Debug-iphonesimulator/PantryGame.build/Objects-normal/x86_64/PantryGame.swiftsourceinfo (in target 'PantryGame' from project 'Pantry' at path '/Users/runner/work/Super-Chef/Super-Chef/Package.swift')
    cd /Users/runner/work/Super-Chef/Super-Chef
    builtin-copy -exclude .DS_Store -exclude CVS -exclude .svn -exclude .git -exclude .hg -resolve-src-symlinks -rename /Users/runner/work/Super-Chef/Super-Chef/build/Build/Intermediates.noindex/Pantry.build/Debug-iphonesimulator/PantryGame.build/Objects-normal/x86_64/PantryGame.swiftsourceinfo /Users/runner/work/Super-Chef/Super-Chef/build/Build/Products/Debug-iphonesimulator/PantryGame.swiftmodule/Project/x86_64-apple-ios-simulator.swiftsourceinfo

SwiftCompile normal arm64 Compiling\ SeededGenerator.swift,\ Session.swift,\ SoundCue.swift /Users/runner/work/Super-Chef/Super-Chef/Sources/PantryGame/SeededGenerator.swift /Users/runner/work/Super-Chef/Super-Chef/Sources/PantryGame/Session.swift /Users/runner/work/Super-Chef/Super-Chef/Sources/PantryGame/SoundCue.swift (in target 'PantryGame' from project 'Pantry' at path '/Users/runner/work/Super-Chef/Super-Chef/Package.swift')
SwiftCompile normal arm64 /Users/runner/work/Super-Chef/Super-Chef/Sources/PantryGame/SeededGenerator.swift (in target 'PantryGame' from project 'Pantry' at path '/Users/runner/work/Super-Chef/Super-Chef/Package.swift')
    cd /Users/runner/work/Super-Chef/Super-Chef/App/Pantry.xcodeproj
    

SwiftCompile normal arm64 /Users/runner/work/Super-Chef/Super-Chef/Sources/PantryGame/Session.swift (in target 'PantryGame' from project 'Pantry' at path '/Users/runner/work/Super-Chef/Super-Chef/Package.swift')
    cd /Users/runner/work/Super-Chef/Super-Chef/App/Pantry.xcodeproj
    

SwiftCompile normal arm64 /Users/runner/work/Super-Chef/Super-Chef/Sources/PantryGame/SoundCue.swift (in target 'PantryGame' from project 'Pantry' at path '/Users/runner/work/Super-Chef/Super-Chef/Package.swift')
    cd /Users/runner/work/Super-Chef/Super-Chef/App/Pantry.xcodeproj
    

SwiftCompile normal arm64 Compiling\ PlaceholderSynth.swift,\ RecipeText.swift,\ Round.swift /Users/runner/work/Super-Chef/Super-Chef/Sources/PantryGame/PlaceholderSynth.swift /Users/runner/work/Super-Chef/Super-Chef/Sources/PantryGame/RecipeText.swift /Users/runner/work/Super-Chef/Super-Chef/Sources/PantryGame/Round.swift (in target 'PantryGame' from project 'Pantry' at path '/Users/runner/work/Super-Chef/Super-Chef/Package.swift')

SwiftCompile normal arm64 /Users/runner/work/Super-Chef/Super-Chef/Sources/PantryGame/PlaceholderSynth.swift (in target 'PantryGame' from project 'Pantry' at path '/Users/runner/work/Super-Chef/Super-Chef/Package.swift')
    cd /Users/runner/work/Super-Chef/Super-Chef/App/Pantry.xcodeproj
    

SwiftCompile normal arm64 /Users/runner/work/Super-Chef/Super-Chef/Sources/PantryGame/RecipeText.swift (in target 'PantryGame' from project 'Pantry' at path '/Users/runner/work/Super-Chef/Super-Chef/Package.swift')
    cd /Users/runner/work/Super-Chef/Super-Chef/App/Pantry.xcodeproj
    

SwiftCompile normal arm64 /Users/runner/work/Super-Chef/Super-Chef/Sources/PantryGame/Round.swift (in target 'PantryGame' from project 'Pantry' at path '/Users/runner/work/Super-Chef/Super-Chef/Package.swift')
    cd /Users/runner/work/Super-Chef/Super-Chef/App/Pantry.xcodeproj
    

SwiftDriverJobDiscovery normal arm64 Emitting module for PantryGame (in target 'PantryGame' from project 'Pantry' at path '/Users/runner/work/Super-Chef/Super-Chef/Package.swift')

SwiftDriver\ Compilation\ Requirements PantryGame normal arm64 com.apple.xcode.tools.swift.compiler (in target 'PantryGame' from project 'Pantry' at path '/Users/runner/work/Super-Chef/Super-Chef/Package.swift')
    cd /Users/runner/work/Super-Chef/Super-Chef/App/Pantry.xcodeproj
    builtin-Swift-Compilation-Requirements -- /Applications/Xcode_16.4.app/Contents/Developer/Toolchains/XcodeDefault.xctoolchain/usr/bin/swiftc -module-name PantryGame -Onone -enforce-exclusivity\=checked @/Users/runner/work/Super-Chef/Super-Chef/build/Build/Intermediates.noindex/Pantry.build/Debug-iphonesimulator/PantryGame.build/Objects-normal/arm64/PantryGame.SwiftFileList -DSWIFT_PACKAGE -DDEBUG -DXcode -plugin-path /Applications/Xcode_16.4.app/Contents/Developer/Toolchains/XcodeDefault.xctoolchain/usr/lib/swift/host/plugins/testing -enable-experimental-feature DebugDescriptionMacro -sdk /Applications/Xcode_16.4.app/Contents/Developer/Platforms/iPhoneSimulator.platform/Developer/SDKs/iPhoneSimulator18.5.sdk -target arm64-apple-ios17.0-simulator -g -module-cache-path /Users/runner/work/Super-Chef/Super-Chef/build/ModuleCache.noindex -Xfrontend -serialize-debugging-options -enable-testing -suppress-warnings -index-store-path /Users/runner/work/Super-Chef/Super-Chef/build/Index.noindex/DataStore -swift-version 5 -I /Users/runner/work/Super-Chef/Super-Chef/build/Build/Products/Debug-iphonesimulator -I /Applications/Xcode_16.4.app/Contents/Developer/Platforms/iPhoneSimulator.platform/Developer/usr/lib -F /Users/runner/work/Super-Chef/Super-Chef/build/Build/Products/Debug-iphonesimulator/PackageFrameworks -F /Users/runner/work/Super-Chef/Super-Chef/build/Build/Products/Debug-iphonesimulator -F /Applications/Xcode_16.4.app/Contents/Developer/Platforms/iPhoneSimulator.platform/Developer/Library/Frameworks -F /Applications/Xcode_16.4.app/Contents/Developer/Platforms/iPhoneSimulator.platform/Developer/SDKs/iPhoneSimulator18.5.sdk/Developer/Library/Frameworks -c -j3 -enable-batch-mode -incremental -Xcc -ivfsstatcache -Xcc /Users/runner/work/Super-Chef/Super-Chef/build/SDKStatCaches.noindex/iphonesimulator18.5-22F76-96ae0914227b19deccb34b33ba7b5dea.sdkstatcache -output-file-map /Users/runner/work/Super-Chef/Super-Chef/build/Build/Intermediates.noindex/Pantry.build/Debug-iphonesimulator/PantryGame.build/Objects-normal/arm64/PantryGame-OutputFileMap.json -use-frontend-parseable-output -save-temps -no-color-diagnostics -serialize-diagnostics -emit-dependencies -emit-module -emit-module-path /Users/runner/work/Super-Chef/Super-Chef/build/Build/Intermediates.noindex/Pantry.build/Debug-iphonesimulator/PantryGame.build/Objects-normal/arm64/PantryGame.swiftmodule -validate-clang-modules-once -clang-build-session-file /Users/runner/work/Super-Chef/Super-Chef/build/ModuleCache.noindex/Session.modulevalidation -package-name super_chef -Xcc -I/Users/runner/work/Super-Chef/Super-Chef/build/Build/Intermediates.noindex/Pantry.build/Debug-iphonesimulator/PantryGame.build/swift-overrides.hmap -emit-const-values -Xfrontend -const-gather-protocols-file -Xfrontend /Users/runner/work/Super-Chef/Super-Chef/build/Build/Intermediates.noindex/Pantry.build/Debug-iphonesimulator/PantryGame.build/Objects-normal/arm64/PantryGame_const_extract_protocols.json -Xcc -I/Users/runner/work/Super-Chef/Super-Chef/build/Build/Products/Debug-iphonesimulator/include -Xcc -I/Users/runner/work/Super-Chef/Super-Chef/build/Build/Intermediates.noindex/Pantry.build/Debug-iphonesimulator/PantryGame.build/DerivedSources-normal/arm64 -Xcc -I/Users/runner/work/Super-Chef/Super-Chef/build/Build/Intermediates.noindex/Pantry.build/Debug-iphonesimulator/PantryGame.build/DerivedSources/arm64 -Xcc -I/Users/runner/work/Super-Chef/Super-Chef/build/Build/Intermediates.noindex/Pantry.build/Debug-iphonesimulator/PantryGame.build/DerivedSources -Xcc -DSWIFT_PACKAGE -Xcc -DDEBUG\=1 -emit-objc-header -emit-objc-header-path /Users/runner/work/Super-Chef/Super-Chef/build/Build/Intermediates.noindex/Pantry.build/Debug-iphonesimulator/PantryGame.build/Objects-normal/arm64/PantryGame-Swift.h -working-directory /Users/runner/work/Super-Chef/Super-Chef/App/Pantry.xcodeproj -experimental-emit-module-separately -disable-cmo

SwiftDriverJobDiscovery normal x86_64 Compiling resource_bundle_accessor.swift, ContentLibrary.swift (in target 'PantryScoring' from project 'Pantry' at path '/Users/runner/work/Super-Chef/Super-Chef/Package.swift')

SwiftCompile normal x86_64 Compiling\ AmountLadder.swift,\ JudgeLine.swift,\ PantryRound.swift /Users/runner/work/Super-Chef/Super-Chef/Sources/PantryGame/AmountLadder.swift /Users/runner/work/Super-Chef/Super-Chef/Sources/PantryGame/JudgeLine.swift /Users/runner/work/Super-Chef/Super-Chef/Sources/PantryGame/PantryRound.swift (in target 'PantryGame' from project 'Pantry' at path '/Users/runner/work/Super-Chef/Super-Chef/Package.swift')

SwiftCompile normal x86_64 /Users/runner/work/Super-Chef/Super-Chef/Sources/PantryGame/AmountLadder.swift (in target 'PantryGame' from project 'Pantry' at path '/Users/runner/work/Super-Chef/Super-Chef/Package.swift')
    cd /Users/runner/work/Super-Chef/Super-Chef/App/Pantry.xcodeproj
    

SwiftCompile normal x86_64 /Users/runner/work/Super-Chef/Super-Chef/Sources/PantryGame/JudgeLine.swift (in target 'PantryGame' from project 'Pantry' at path '/Users/runner/work/Super-Chef/Super-Chef/Package.swift')
    cd /Users/runner/work/Super-Chef/Super-Chef/App/Pantry.xcodeproj
    

SwiftCompile normal x86_64 /Users/runner/work/Super-Chef/Super-Chef/Sources/PantryGame/PantryRound.swift (in target 'PantryGame' from project 'Pantry' at path '/Users/runner/work/Super-Chef/Super-Chef/Package.swift')
    cd /Users/runner/work/Super-Chef/Super-Chef/App/Pantry.xcodeproj
    

SwiftMergeGeneratedHeaders /Users/runner/work/Super-Chef/Super-Chef/build/Build/Intermediates.noindex/GeneratedModuleMaps-iphonesimulator/PantryGame-Swift.h /Users/runner/work/Super-Chef/Super-Chef/build/Build/Intermediates.noindex/Pantry.build/Debug-iphonesimulator/PantryGame.build/Objects-normal/arm64/PantryGame-Swift.h /Users/runner/work/Super-Chef/Super-Chef/build/Build/Intermediates.noindex/Pantry.build/Debug-iphonesimulator/PantryGame.build/Objects-normal/x86_64/PantryGame-Swift.h (in target 'PantryGame' from project 'Pantry' at path '/Users/runner/work/Super-Chef/Super-Chef/Package.swift')
    cd /Users/runner/work/Super-Chef/Super-Chef
    builtin-swiftHeaderTool -arch arm64 /Users/runner/work/Super-Chef/Super-Chef/build/Build/Intermediates.noindex/Pantry.build/Debug-iphonesimulator/PantryGame.build/Objects-normal/arm64/PantryGame-Swift.h -arch x86_64 /Users/runner/work/Super-Chef/Super-Chef/build/Build/Intermediates.noindex/Pantry.build/Debug-iphonesimulator/PantryGame.build/Objects-normal/x86_64/PantryGame-Swift.h -o /Users/runner/work/Super-Chef/Super-Chef/build/Build/Intermediates.noindex/GeneratedModuleMaps-iphonesimulator/PantryGame-Swift.h

SwiftDriverJobDiscovery normal arm64 Compiling PlaceholderSynth.swift, RecipeText.swift, Round.swift (in target 'PantryGame' from project 'Pantry' at path '/Users/runner/work/Super-Chef/Super-Chef/Package.swift')

Copy /Users/runner/work/Super-Chef/Super-Chef/build/Build/Products/Debug-iphonesimulator/PantryGame.swiftmodule/arm64-apple-ios-simulator.swiftmodule /Users/runner/work/Super-Chef/Super-Chef/build/Build/Intermediates.noindex/Pantry.build/Debug-iphonesimulator/PantryGame.build/Objects-normal/arm64/PantryGame.swiftmodule (in target 'PantryGame' from project 'Pantry' at path '/Users/runner/work/Super-Chef/Super-Chef/Package.swift')
    cd /Users/runner/work/Super-Chef/Super-Chef
    builtin-copy -exclude .DS_Store -exclude CVS -exclude .svn -exclude .git -exclude .hg -resolve-src-symlinks -rename /Users/runner/work/Super-Chef/Super-Chef/build/Build/Intermediates.noindex/Pantry.build/Debug-iphonesimulator/PantryGame.build/Objects-normal/arm64/PantryGame.swiftmodule /Users/runner/work/Super-Chef/Super-Chef/build/Build/Products/Debug-iphonesimulator/PantryGame.swiftmodule/arm64-apple-ios-simulator.swiftmodule

Copy /Users/runner/work/Super-Chef/Super-Chef/build/Build/Products/Debug-iphonesimulator/PantryGame.swiftmodule/arm64-apple-ios-simulator.swiftdoc /Users/runner/work/Super-Chef/Super-Chef/build/Build/Intermediates.noindex/Pantry.build/Debug-iphonesimulator/PantryGame.build/Objects-normal/arm64/PantryGame.swiftdoc (in target 'PantryGame' from project 'Pantry' at path '/Users/runner/work/Super-Chef/Super-Chef/Package.swift')
    cd /Users/runner/work/Super-Chef/Super-Chef
    builtin-copy -exclude .DS_Store -exclude CVS -exclude .svn -exclude .git -exclude .hg -resolve-src-symlinks -rename /Users/runner/work/Super-Chef/Super-Chef/build/Build/Intermediates.noindex/Pantry.build/Debug-iphonesimulator/PantryGame.build/Objects-normal/arm64/PantryGame.swiftdoc /Users/runner/work/Super-Chef/Super-Chef/build/Build/Products/Debug-iphonesimulator/PantryGame.swiftmodule/arm64-apple-ios-simulator.swiftdoc

Copy /Users/runner/work/Super-Chef/Super-Chef/build/Build/Products/Debug-iphonesimulator/PantryGame.swiftmodule/arm64-apple-ios-simulator.abi.json /Users/runner/work/Super-Chef/Super-Chef/build/Build/Intermediates.noindex/Pantry.build/Debug-iphonesimulator/PantryGame.build/Objects-normal/arm64/PantryGame.abi.json (in target 'PantryGame' from project 'Pantry' at path '/Users/runner/work/Super-Chef/Super-Chef/Package.swift')
    cd /Users/runner/work/Super-Chef/Super-Chef
    builtin-copy -exclude .DS_Store -exclude CVS -exclude .svn -exclude .git -exclude .hg -resolve-src-symlinks -rename /Users/runner/work/Super-Chef/Super-Chef/build/Build/Intermediates.noindex/Pantry.build/Debug-iphonesimulator/PantryGame.build/Objects-normal/arm64/PantryGame.abi.json /Users/runner/work/Super-Chef/Super-Chef/build/Build/Products/Debug-iphonesimulator/PantryGame.swiftmodule/arm64-apple-ios-simulator.abi.json

Copy /Users/runner/work/Super-Chef/Super-Chef/build/Build/Products/Debug-iphonesimulator/PantryGame.swiftmodule/Project/arm64-apple-ios-simulator.swiftsourceinfo /Users/runner/work/Super-Chef/Super-Chef/build/Build/Intermediates.noindex/Pantry.build/Debug-iphonesimulator/PantryGame.build/Objects-normal/arm64/PantryGame.swiftsourceinfo (in target 'PantryGame' from project 'Pantry' at path '/Users/runner/work/Super-Chef/Super-Chef/Package.swift')
    cd /Users/runner/work/Super-Chef/Super-Chef
    builtin-copy -exclude .DS_Store -exclude CVS -exclude .svn -exclude .git -exclude .hg -resolve-src-symlinks -rename /Users/runner/work/Super-Chef/Super-Chef/build/Build/Intermediates.noindex/Pantry.build/Debug-iphonesimulator/PantryGame.build/Objects-normal/arm64/PantryGame.swiftsourceinfo /Users/runner/work/Super-Chef/Super-Chef/build/Build/Products/Debug-iphonesimulator/PantryGame.swiftmodule/Project/arm64-apple-ios-simulator.swiftsourceinfo

SwiftDriver\ Compilation PantryScoring normal x86_64 com.apple.xcode.tools.swift.compiler (in target 'PantryScoring' from project 'Pantry' at path '/Users/runner/work/Super-Chef/Super-Chef/Package.swift')
    cd /Users/runner/work/Super-Chef/Super-Chef/App/Pantry.xcodeproj
    builtin-Swift-Compilation -- /Applications/Xcode_16.4.app/Contents/Developer/Toolchains/XcodeDefault.xctoolchain/usr/bin/swiftc -module-name PantryScoring -Onone -enforce-exclusivity\=checked @/Users/runner/work/Super-Chef/Super-Chef/build/Build/Intermediates.noindex/Pantry.build/Debug-iphonesimulator/PantryScoring.build/Objects-normal/x86_64/PantryScoring.SwiftFileList -DSWIFT_PACKAGE -DDEBUG -DXcode -plugin-path /Applications/Xcode_16.4.app/Contents/Developer/Toolchains/XcodeDefault.xctoolchain/usr/lib/swift/host/plugins/testing -enable-experimental-feature DebugDescriptionMacro -sdk /Applications/Xcode_16.4.app/Contents/Developer/Platforms/iPhoneSimulator.platform/Developer/SDKs/iPhoneSimulator18.5.sdk -target x86_64-apple-ios17.0-simulator -g -module-cache-path /Users/runner/work/Super-Chef/Super-Chef/build/ModuleCache.noindex -Xfrontend -serialize-debugging-options -enable-testing -suppress-warnings -index-store-path /Users/runner/work/Super-Chef/Super-Chef/build/Index.noindex/DataStore -swift-version 5 -I /Users/runner/work/Super-Chef/Super-Chef/build/Build/Products/Debug-iphonesimulator -I /Applications/Xcode_16.4.app/Contents/Developer/Platforms/iPhoneSimulator.platform/Developer/usr/lib -F /Users/runner/work/Super-Chef/Super-Chef/build/Build/Products/Debug-iphonesimulator -F /Applications/Xcode_16.4.app/Contents/Developer/Platforms/iPhoneSimulator.platform/Developer/Library/Frameworks -F /Applications/Xcode_16.4.app/Contents/Developer/Platforms/iPhoneSimulator.platform/Developer/SDKs/iPhoneSimulator18.5.sdk/Developer/Library/Frameworks -c -j3 -enable-batch-mode -incremental -Xcc -ivfsstatcache -Xcc /Users/runner/work/Super-Chef/Super-Chef/build/SDKStatCaches.noindex/iphonesimulator18.5-22F76-96ae0914227b19deccb34b33ba7b5dea.sdkstatcache -output-file-map /Users/runner/work/Super-Chef/Super-Chef/build/Build/Intermediates.noindex/Pantry.build/Debug-iphonesimulator/PantryScoring.build/Objects-normal/x86_64/PantryScoring-OutputFileMap.json -use-frontend-parseable-output -save-temps -no-color-diagnostics -serialize-diagnostics -emit-dependencies -emit-module -emit-module-path /Users/runner/work/Super-Chef/Super-Chef/build/Build/Intermediates.noindex/Pantry.build/Debug-iphonesimulator/PantryScoring.build/Objects-normal/x86_64/PantryScoring.swiftmodule -validate-clang-modules-once -clang-build-session-file /Users/runner/work/Super-Chef/Super-Chef/build/ModuleCache.noindex/Session.modulevalidation -package-name super_chef -Xcc -I/Users/runner/work/Super-Chef/Super-Chef/build/Build/Intermediates.noindex/Pantry.build/Debug-iphonesimulator/PantryScoring.build/swift-overrides.hmap -emit-const-values -Xfrontend -const-gather-protocols-file -Xfrontend /Users/runner/work/Super-Chef/Super-Chef/build/Build/Intermediates.noindex/Pantry.build/Debug-iphonesimulator/PantryScoring.build/Objects-normal/x86_64/PantryScoring_const_extract_protocols.json -Xcc -I/Users/runner/work/Super-Chef/Super-Chef/build/Build/Products/Debug-iphonesimulator/include -Xcc -I/Users/runner/work/Super-Chef/Super-Chef/build/Build/Intermediates.noindex/Pantry.build/Debug-iphonesimulator/PantryScoring.build/DerivedSources-normal/x86_64 -Xcc -I/Users/runner/work/Super-Chef/Super-Chef/build/Build/Intermediates.noindex/Pantry.build/Debug-iphonesimulator/PantryScoring.build/DerivedSources/x86_64 -Xcc -I/Users/runner/work/Super-Chef/Super-Chef/build/Build/Intermediates.noindex/Pantry.build/Debug-iphonesimulator/PantryScoring.build/DerivedSources -Xcc -DSWIFT_PACKAGE -Xcc -DDEBUG\=1 -emit-objc-header -emit-objc-header-path /Users/runner/work/Super-Chef/Super-Chef/build/Build/Intermediates.noindex/Pantry.build/Debug-iphonesimulator/PantryScoring.build/Objects-normal/x86_64/PantryScoring-Swift.h -working-directory /Users/runner/work/Super-Chef/Super-Chef/App/Pantry.xcodeproj -experimental-emit-module-separately -disable-cmo

SwiftCompile normal x86_64 Compiling\ SeededGenerator.swift,\ Session.swift,\ SoundCue.swift /Users/runner/work/Super-Chef/Super-Chef/Sources/PantryGame/SeededGenerator.swift /Users/runner/work/Super-Chef/Super-Chef/Sources/PantryGame/Session.swift /Users/runner/work/Super-Chef/Super-Chef/Sources/PantryGame/SoundCue.swift (in target 'PantryGame' from project 'Pantry' at path '/Users/runner/work/Super-Chef/Super-Chef/Package.swift')
SwiftCompile normal x86_64 /Users/runner/work/Super-Chef/Super-Chef/Sources/PantryGame/SeededGenerator.swift (in target 'PantryGame' from project 'Pantry' at path '/Users/runner/work/Super-Chef/Super-Chef/Package.swift')
    cd /Users/runner/work/Super-Chef/Super-Chef/App/Pantry.xcodeproj
    

SwiftCompile normal x86_64 /Users/runner/work/Super-Chef/Super-Chef/Sources/PantryGame/Session.swift (in target 'PantryGame' from project 'Pantry' at path '/Users/runner/work/Super-Chef/Super-Chef/Package.swift')
    cd /Users/runner/work/Super-Chef/Super-Chef/App/Pantry.xcodeproj
    

SwiftCompile normal x86_64 /Users/runner/work/Super-Chef/Super-Chef/Sources/PantryGame/SoundCue.swift (in target 'PantryGame' from project 'Pantry' at path '/Users/runner/work/Super-Chef/Super-Chef/Package.swift')
    cd /Users/runner/work/Super-Chef/Super-Chef/App/Pantry.xcodeproj
    

Ld /Users/runner/work/Super-Chef/Super-Chef/build/Build/Intermediates.noindex/Pantry.build/Debug-iphonesimulator/PantryScoring.build/Objects-normal/x86_64/Binary/PantryScoring.o normal x86_64 (in target 'PantryScoring' from project 'Pantry' at path '/Users/runner/work/Super-Chef/Super-Chef/Package.swift')
    cd /Users/runner/work/Super-Chef/Super-Chef
    /Applications/Xcode_16.4.app/Contents/Developer/Toolchains/XcodeDefault.xctoolchain/usr/bin/clang -Xlinker -reproducible -target x86_64-apple-ios17.0-simulator -r -isysroot /Applications/Xcode_16.4.app/Contents/Developer/Platforms/iPhoneSimulator.platform/Developer/SDKs/iPhoneSimulator18.5.sdk -O0 -w -L/Users/runner/work/Super-Chef/Super-Chef/build/Build/Intermediates.noindex/EagerLinkingTBDs/Debug-iphonesimulator -L/Users/runner/work/Super-Chef/Super-Chef/build/Build/Products/Debug-iphonesimulator -L/Applications/Xcode_16.4.app/Contents/Developer/Platforms/iPhoneSimulator.platform/Developer/usr/lib -F/Users/runner/work/Super-Chef/Super-Chef/build/Build/Intermediates.noindex/EagerLinkingTBDs/Debug-iphonesimulator -F/Users/runner/work/Super-Chef/Super-Chef/build/Build/Products/Debug-iphonesimulator -iframework /Applications/Xcode_16.4.app/Contents/Developer/Platforms/iPhoneSimulator.platform/Developer/Library/Frameworks -iframework /Applications/Xcode_16.4.app/Contents/Developer/Platforms/iPhoneSimulator.platform/Developer/SDKs/iPhoneSimulator18.5.sdk/Developer/Library/Frameworks -filelist /Users/runner/work/Super-Chef/Super-Chef/build/Build/Intermediates.noindex/Pantry.build/Debug-iphonesimulator/PantryScoring.build/Objects-normal/x86_64/PantryScoring.LinkFileList -nostdlib -Xlinker -object_path_lto -Xlinker /Users/runner/work/Super-Chef/Super-Chef/build/Build/Intermediates.noindex/Pantry.build/Debug-iphonesimulator/PantryScoring.build/Objects-normal/x86_64/PantryScoring_lto.o -rdynamic -Xlinker -no_deduplicate -Xlinker -objc_abi_version -Xlinker 2 -Xlinker -dependency_info -Xlinker /Users/runner/work/Super-Chef/Super-Chef/build/Build/Intermediates.noindex/Pantry.build/Debug-iphonesimulator/PantryScoring.build/Objects-normal/x86_64/PantryScoring_dependency_info.dat -fobjc-link-runtime -L/Applications/Xcode_16.4.app/Contents/Developer/Toolchains/XcodeDefault.xctoolchain/usr/lib/swift/iphonesimulator -L/usr/lib/swift -Xlinker -add_ast_path -Xlinker /Users/runner/work/Super-Chef/Super-Chef/build/Build/Intermediates.noindex/Pantry.build/Debug-iphonesimulator/PantryScoring.build/Objects-normal/x86_64/PantryScoring.swiftmodule -o /Users/runner/work/Super-Chef/Super-Chef/build/Build/Intermediates.noindex/Pantry.build/Debug-iphonesimulator/PantryScoring.build/Objects-normal/x86_64/Binary/PantryScoring.o

SwiftDriverJobDiscovery normal x86_64 Compiling AmountLadder.swift, JudgeLine.swift, PantryRound.swift (in target 'PantryGame' from project 'Pantry' at path '/Users/runner/work/Super-Chef/Super-Chef/Package.swift')

SwiftCompile normal arm64 Compiling\ AmountLadder.swift,\ JudgeLine.swift,\ PantryRound.swift /Users/runner/work/Super-Chef/Super-Chef/Sources/PantryGame/AmountLadder.swift /Users/runner/work/Super-Chef/Super-Chef/Sources/PantryGame/JudgeLine.swift /Users/runner/work/Super-Chef/Super-Chef/Sources/PantryGame/PantryRound.swift (in target 'PantryGame' from project 'Pantry' at path '/Users/runner/work/Super-Chef/Super-Chef/Package.swift')

SwiftCompile normal arm64 /Users/runner/work/Super-Chef/Super-Chef/Sources/PantryGame/AmountLadder.swift (in target 'PantryGame' from project 'Pantry' at path '/Users/runner/work/Super-Chef/Super-Chef/Package.swift')
    cd /Users/runner/work/Super-Chef/Super-Chef/App/Pantry.xcodeproj
    

SwiftCompile normal arm64 /Users/runner/work/Super-Chef/Super-Chef/Sources/PantryGame/JudgeLine.swift (in target 'PantryGame' from project 'Pantry' at path '/Users/runner/work/Super-Chef/Super-Chef/Package.swift')
    cd /Users/runner/work/Super-Chef/Super-Chef/App/Pantry.xcodeproj
    

SwiftCompile normal arm64 /Users/runner/work/Super-Chef/Super-Chef/Sources/PantryGame/PantryRound.swift (in target 'PantryGame' from project 'Pantry' at path '/Users/runner/work/Super-Chef/Super-Chef/Package.swift')
    cd /Users/runner/work/Super-Chef/Super-Chef/App/Pantry.xcodeproj
    

CreateUniversalBinary /Users/runner/work/Super-Chef/Super-Chef/build/Build/Products/Debug-iphonesimulator/PantryScoring.o normal arm64\ x86_64 (in target 'PantryScoring' from project 'Pantry' at path '/Users/runner/work/Super-Chef/Super-Chef/Package.swift')
    cd /Users/runner/work/Super-Chef/Super-Chef
    /Applications/Xcode_16.4.app/Contents/Developer/Toolchains/XcodeDefault.xctoolchain/usr/bin/lipo -create /Users/runner/work/Super-Chef/Super-Chef/build/Build/Intermediates.noindex/Pantry.build/Debug-iphonesimulator/PantryScoring.build/Objects-normal/arm64/Binary/PantryScoring.o /Users/runner/work/Super-Chef/Super-Chef/build/Build/Intermediates.noindex/Pantry.build/Debug-iphonesimulator/PantryScoring.build/Objects-normal/x86_64/Binary/PantryScoring.o -output /Users/runner/work/Super-Chef/Super-Chef/build/Build/Products/Debug-iphonesimulator/PantryScoring.o

SwiftDriverJobDiscovery normal arm64 Compiling SeededGenerator.swift, Session.swift, SoundCue.swift (in target 'PantryGame' from project 'Pantry' at path '/Users/runner/work/Super-Chef/Super-Chef/Package.swift')

SwiftCompile normal x86_64 Compiling\ PlaceholderSynth.swift,\ RecipeText.swift,\ Round.swift /Users/runner/work/Super-Chef/Super-Chef/Sources/PantryGame/PlaceholderSynth.swift /Users/runner/work/Super-Chef/Super-Chef/Sources/PantryGame/RecipeText.swift /Users/runner/work/Super-Chef/Super-Chef/Sources/PantryGame/Round.swift (in target 'PantryGame' from project 'Pantry' at path '/Users/runner/work/Super-Chef/Super-Chef/Package.swift')

SwiftCompile normal x86_64 /Users/runner/work/Super-Chef/Super-Chef/Sources/PantryGame/PlaceholderSynth.swift (in target 'PantryGame' from project 'Pantry' at path '/Users/runner/work/Super-Chef/Super-Chef/Package.swift')
    cd /Users/runner/work/Super-Chef/Super-Chef/App/Pantry.xcodeproj
    

SwiftCompile normal x86_64 /Users/runner/work/Super-Chef/Super-Chef/Sources/PantryGame/RecipeText.swift (in target 'PantryGame' from project 'Pantry' at path '/Users/runner/work/Super-Chef/Super-Chef/Package.swift')
    cd /Users/runner/work/Super-Chef/Super-Chef/App/Pantry.xcodeproj
    

SwiftCompile normal x86_64 /Users/runner/work/Super-Chef/Super-Chef/Sources/PantryGame/Round.swift (in target 'PantryGame' from project 'Pantry' at path '/Users/runner/work/Super-Chef/Super-Chef/Package.swift')
    cd /Users/runner/work/Super-Chef/Super-Chef/App/Pantry.xcodeproj
    

SwiftDriverJobDiscovery normal arm64 Compiling AmountLadder.swift, JudgeLine.swift, PantryRound.swift (in target 'PantryGame' from project 'Pantry' at path '/Users/runner/work/Super-Chef/Super-Chef/Package.swift')

ExtractAppIntentsMetadata (in target 'PantryScoring' from project 'Pantry' at path '/Users/runner/work/Super-Chef/Super-Chef/Package.swift')
    cd /Users/runner/work/Super-Chef/Super-Chef
    /Applications/Xcode_16.4.app/Contents/Developer/Toolchains/XcodeDefault.xctoolchain/usr/bin/appintentsmetadataprocessor --toolchain-dir /Applications/Xcode_16.4.app/Contents/Developer/Toolchains/XcodeDefault.xctoolchain --module-name PantryScoring --sdk-root /Applications/Xcode_16.4.app/Contents/Developer/Platforms/iPhoneSimulator.platform/Developer/SDKs/iPhoneSimulator18.5.sdk --xcode-version 16F6 --platform-family iOS --deployment-target 17.0 --bundle-identifier super-chef.PantryScoring --output /Users/runner/work/Super-Chef/Super-Chef/build/Build/Products/Debug-iphonesimulator/PantryScoring.appintents --target-triple arm64-apple-ios17.0-simulator --target-triple x86_64-apple-ios17.0-simulator --binary-file /Users/runner/work/Super-Chef/Super-Chef/build/Build/Products/Debug-iphonesimulator/PantryScoring.o --dependency-file /Users/runner/work/Super-Chef/Super-Chef/build/Build/Intermediates.noindex/Pantry.build/Debug-iphonesimulator/PantryScoring.build/Objects-normal/arm64/PantryScoring_dependency_info.dat --dependency-file /Users/runner/work/Super-Chef/Super-Chef/build/Build/Intermediates.noindex/Pantry.build/Debug-iphonesimulator/PantryScoring.build/Objects-normal/x86_64/PantryScoring_dependency_info.dat --stringsdata-file /Users/runner/work/Super-Chef/Super-Chef/build/Build/Intermediates.noindex/Pantry.build/Debug-iphonesimulator/PantryScoring.build/Objects-normal/arm64/ExtractedAppShortcutsMetadata.stringsdata --stringsdata-file /Users/runner/work/Super-Chef/Super-Chef/build/Build/Intermediates.noindex/Pantry.build/Debug-iphonesimulator/PantryScoring.build/Objects-normal/x86_64/ExtractedAppShortcutsMetadata.stringsdata --source-file-list /Users/runner/work/Super-Chef/Super-Chef/build/Build/Intermediates.noindex/Pantry.build/Debug-iphonesimulator/PantryScoring.build/Objects-normal/arm64/PantryScoring.SwiftFileList --source-file-list /Users/runner/work/Super-Chef/Super-Chef/build/Build/Intermediates.noindex/Pantry.build/Debug-iphonesimulator/PantryScoring.build/Objects-normal/x86_64/PantryScoring.SwiftFileList --metadata-file-list /Users/runner/work/Super-Chef/Super-Chef/build/Build/Intermediates.noindex/Pantry.build/Debug-iphonesimulator/PantryScoring.build/PantryScoring.DependencyMetadataFileList --static-metadata-file-list /Users/runner/work/Super-Chef/Super-Chef/build/Build/Intermediates.noindex/Pantry.build/Debug-iphonesimulator/PantryScoring.build/PantryScoring.DependencyStaticMetadataFileList --swift-const-vals-list /Users/runner/work/Super-Chef/Super-Chef/build/Build/Intermediates.noindex/Pantry.build/Debug-iphonesimulator/PantryScoring.build/Objects-normal/arm64/PantryScoring.SwiftConstValuesFileList --swift-const-vals-list /Users/runner/work/Super-Chef/Super-Chef/build/Build/Intermediates.noindex/Pantry.build/Debug-iphonesimulator/PantryScoring.build/Objects-normal/x86_64/PantryScoring.SwiftConstValuesFileList --force --compile-time-extraction --deployment-aware-processing --validate-assistant-intents --no-app-shortcuts-localization
2026-10-09 15:40:01.405 appintentsmetadataprocessor[3285:13870] Starting appintentsmetadataprocessor export
2026-10-09 15:40:01.464 appintentsmetadataprocessor[3285:13870] Extracted no relevant App Intents symbols, skipping writing output

SwiftDriver\ Compilation PantryGame normal arm64 com.apple.xcode.tools.swift.compiler (in target 'PantryGame' from project 'Pantry' at path '/Users/runner/work/Super-Chef/Super-Chef/Package.swift')
    cd /Users/runner/work/Super-Chef/Super-Chef/App/Pantry.xcodeproj
    builtin-Swift-Compilation -- /Applications/Xcode_16.4.app/Contents/Developer/Toolchains/XcodeDefault.xctoolchain/usr/bin/swiftc -module-name PantryGame -Onone -enforce-exclusivity\=checked @/Users/runner/work/Super-Chef/Super-Chef/build/Build/Intermediates.noindex/Pantry.build/Debug-iphonesimulator/PantryGame.build/Objects-normal/arm64/PantryGame.SwiftFileList -DSWIFT_PACKAGE -DDEBUG -DXcode -plugin-path /Applications/Xcode_16.4.app/Contents/Developer/Toolchains/XcodeDefault.xctoolchain/usr/lib/swift/host/plugins/testing -enable-experimental-feature DebugDescriptionMacro -sdk /Applications/Xcode_16.4.app/Contents/Developer/Platforms/iPhoneSimulator.platform/Developer/SDKs/iPhoneSimulator18.5.sdk -target arm64-apple-ios17.0-simulator -g -module-cache-path /Users/runner/work/Super-Chef/Super-Chef/build/ModuleCache.noindex -Xfrontend -serialize-debugging-options -enable-testing -suppress-warnings -index-store-path /Users/runner/work/Super-Chef/Super-Chef/build/Index.noindex/DataStore -swift-version 5 -I /Users/runner/work/Super-Chef/Super-Chef/build/Build/Products/Debug-iphonesimulator -I /Applications/Xcode_16.4.app/Contents/Developer/Platforms/iPhoneSimulator.platform/Developer/usr/lib -F /Users/runner/work/Super-Chef/Super-Chef/build/Build/Products/Debug-iphonesimulator/PackageFrameworks -F /Users/runner/work/Super-Chef/Super-Chef/build/Build/Products/Debug-iphonesimulator -F /Applications/Xcode_16.4.app/Contents/Developer/Platforms/iPhoneSimulator.platform/Developer/Library/Frameworks -F /Applications/Xcode_16.4.app/Contents/Developer/Platforms/iPhoneSimulator.platform/Developer/SDKs/iPhoneSimulator18.5.sdk/Developer/Library/Frameworks -c -j3 -enable-batch-mode -incremental -Xcc -ivfsstatcache -Xcc /Users/runner/work/Super-Chef/Super-Chef/build/SDKStatCaches.noindex/iphonesimulator18.5-22F76-96ae0914227b19deccb34b33ba7b5dea.sdkstatcache -output-file-map /Users/runner/work/Super-Chef/Super-Chef/build/Build/Intermediates.noindex/Pantry.build/Debug-iphonesimulator/PantryGame.build/Objects-normal/arm64/PantryGame-OutputFileMap.json -use-frontend-parseable-output -save-temps -no-color-diagnostics -serialize-diagnostics -emit-dependencies -emit-module -emit-module-path /Users/runner/work/Super-Chef/Super-Chef/build/Build/Intermediates.noindex/Pantry.build/Debug-iphonesimulator/PantryGame.build/Objects-normal/arm64/PantryGame.swiftmodule -validate-clang-modules-once -clang-build-session-file /Users/runner/work/Super-Chef/Super-Chef/build/ModuleCache.noindex/Session.modulevalidation -package-name super_chef -Xcc -I/Users/runner/work/Super-Chef/Super-Chef/build/Build/Intermediates.noindex/Pantry.build/Debug-iphonesimulator/PantryGame.build/swift-overrides.hmap -emit-const-values -Xfrontend -const-gather-protocols-file -Xfrontend /Users/runner/work/Super-Chef/Super-Chef/build/Build/Intermediates.noindex/Pantry.build/Debug-iphonesimulator/PantryGame.build/Objects-normal/arm64/PantryGame_const_extract_protocols.json -Xcc -I/Users/runner/work/Super-Chef/Super-Chef/build/Build/Products/Debug-iphonesimulator/include -Xcc -I/Users/runner/work/Super-Chef/Super-Chef/build/Build/Intermediates.noindex/Pantry.build/Debug-iphonesimulator/PantryGame.build/DerivedSources-normal/arm64 -Xcc -I/Users/runner/work/Super-Chef/Super-Chef/build/Build/Intermediates.noindex/Pantry.build/Debug-iphonesimulator/PantryGame.build/DerivedSources/arm64 -Xcc -I/Users/runner/work/Super-Chef/Super-Chef/build/Build/Intermediates.noindex/Pantry.build/Debug-iphonesimulator/PantryGame.build/DerivedSources -Xcc -DSWIFT_PACKAGE -Xcc -DDEBUG\=1 -emit-objc-header -emit-objc-header-path /Users/runner/work/Super-Chef/Super-Chef/build/Build/Intermediates.noindex/Pantry.build/Debug-iphonesimulator/PantryGame.build/Objects-normal/arm64/PantryGame-Swift.h -working-directory /Users/runner/work/Super-Chef/Super-Chef/App/Pantry.xcodeproj -experimental-emit-module-separately -disable-cmo

SwiftDriverJobDiscovery normal x86_64 Compiling PlaceholderSynth.swift, RecipeText.swift, Round.swift (in target 'PantryGame' from project 'Pantry' at path '/Users/runner/work/Super-Chef/Super-Chef/Package.swift')

SwiftDriver PantryUI normal arm64 com.apple.xcode.tools.swift.compiler (in target 'PantryUI' from project 'Pantry' at path '/Users/runner/work/Super-Chef/Super-Chef/Package.swift')
    cd /Users/runner/work/Super-Chef/Super-Chef/App/Pantry.xcodeproj
    builtin-SwiftDriver -- /Applications/Xcode_16.4.app/Contents/Developer/Toolchains/XcodeDefault.xctoolchain/usr/bin/swiftc -module-name PantryUI -Onone -enforce-exclusivity\=checked @/Users/runner/work/Super-Chef/Super-Chef/build/Build/Intermediates.noindex/Pantry.build/Debug-iphonesimulator/PantryUI.build/Objects-normal/arm64/PantryUI.SwiftFileList -DSWIFT_PACKAGE -DDEBUG -DXcode -plugin-path /Applications/Xcode_16.4.app/Contents/Developer/Toolchains/XcodeDefault.xctoolchain/usr/lib/swift/host/plugins/testing -enable-experimental-feature DebugDescriptionMacro -sdk /Applications/Xcode_16.4.app/Contents/Developer/Platforms/iPhoneSimulator.platform/Developer/SDKs/iPhoneSimulator18.5.sdk -target arm64-apple-ios17.0-simulator -g -module-cache-path /Users/runner/work/Super-Chef/Super-Chef/build/ModuleCache.noindex -Xfrontend -serialize-debugging-options -enable-testing -suppress-warnings -index-store-path /Users/runner/work/Super-Chef/Super-Chef/build/Index.noindex/DataStore -swift-version 5 -I /Users/runner/work/Super-Chef/Super-Chef/build/Build/Products/Debug-iphonesimulator -I /Applications/Xcode_16.4.app/Contents/Developer/Platforms/iPhoneSimulator.platform/Developer/usr/lib -F /Users/runner/work/Super-Chef/Super-Chef/build/Build/Products/Debug-iphonesimulator/PackageFrameworks -F /Users/runner/work/Super-Chef/Super-Chef/build/Build/Products/Debug-iphonesimulator/PackageFrameworks -F /Users/runner/work/Super-Chef/Super-Chef/build/Build/Products/Debug-iphonesimulator -F /Applications/Xcode_16.4.app/Contents/Developer/Platforms/iPhoneSimulator.platform/Developer/Library/Frameworks -F /Applications/Xcode_16.4.app/Contents/Developer/Platforms/iPhoneSimulator.platform/Developer/SDKs/iPhoneSimulator18.5.sdk/Developer/Library/Frameworks -c -j3 -enable-batch-mode -incremental -Xcc -ivfsstatcache -Xcc /Users/runner/work/Super-Chef/Super-Chef/build/SDKStatCaches.noindex/iphonesimulator18.5-22F76-96ae0914227b19deccb34b33ba7b5dea.sdkstatcache -output-file-map /Users/runner/work/Super-Chef/Super-Chef/build/Build/Intermediates.noindex/Pantry.build/Debug-iphonesimulator/PantryUI.build/Objects-normal/arm64/PantryUI-OutputFileMap.json -use-frontend-parseable-output -save-temps -no-color-diagnostics -serialize-diagnostics -emit-dependencies -emit-module -emit-module-path /Users/runner/work/Super-Chef/Super-Chef/build/Build/Intermediates.noindex/Pantry.build/Debug-iphonesimulator/PantryUI.build/Objects-normal/arm64/PantryUI.swiftmodule -validate-clang-modules-once -clang-build-session-file /Users/runner/work/Super-Chef/Super-Chef/build/ModuleCache.noindex/Session.modulevalidation -package-name super_chef -Xcc -I/Users/runner/work/Super-Chef/Super-Chef/build/Build/Intermediates.noindex/Pantry.build/Debug-iphonesimulator/PantryUI.build/swift-overrides.hmap -emit-const-values -Xfrontend -const-gather-protocols-file -Xfrontend /Users/runner/work/Super-Chef/Super-Chef/build/Build/Intermediates.noindex/Pantry.build/Debug-iphonesimulator/PantryUI.build/Objects-normal/arm64/PantryUI_const_extract_protocols.json -Xcc -I/Users/runner/work/Super-Chef/Super-Chef/build/Build/Products/Debug-iphonesimulator/include -Xcc -I/Users/runner/work/Super-Chef/Super-Chef/build/Build/Intermediates.noindex/Pantry.build/Debug-iphonesimulator/PantryUI.build/DerivedSources-normal/arm64 -Xcc -I/Users/runner/work/Super-Chef/Super-Chef/build/Build/Intermediates.noindex/Pantry.build/Debug-iphonesimulator/PantryUI.build/DerivedSources/arm64 -Xcc -I/Users/runner/work/Super-Chef/Super-Chef/build/Build/Intermediates.noindex/Pantry.build/Debug-iphonesimulator/PantryUI.build/DerivedSources -Xcc -DSWIFT_PACKAGE -Xcc -DDEBUG\=1 -emit-objc-header -emit-objc-header-path /Users/runner/work/Super-Chef/Super-Chef/build/Build/Intermediates.noindex/Pantry.build/Debug-iphonesimulator/PantryUI.build/Objects-normal/arm64/PantryUI-Swift.h -working-directory /Users/runner/work/Super-Chef/Super-Chef/App/Pantry.xcodeproj -experimental-emit-module-separately -disable-cmo

SwiftDriver PantryUI normal x86_64 com.apple.xcode.tools.swift.compiler (in target 'PantryUI' from project 'Pantry' at path '/Users/runner/work/Super-Chef/Super-Chef/Package.swift')
    cd /Users/runner/work/Super-Chef/Super-Chef/App/Pantry.xcodeproj
    builtin-SwiftDriver -- /Applications/Xcode_16.4.app/Contents/Developer/Toolchains/XcodeDefault.xctoolchain/usr/bin/swiftc -module-name PantryUI -Onone -enforce-exclusivity\=checked @/Users/runner/work/Super-Chef/Super-Chef/build/Build/Intermediates.noindex/Pantry.build/Debug-iphonesimulator/PantryUI.build/Objects-normal/x86_64/PantryUI.SwiftFileList -DSWIFT_PACKAGE -DDEBUG -DXcode -plugin-path /Applications/Xcode_16.4.app/Contents/Developer/Toolchains/XcodeDefault.xctoolchain/usr/lib/swift/host/plugins/testing -enable-experimental-feature DebugDescriptionMacro -sdk /Applications/Xcode_16.4.app/Contents/Developer/Platforms/iPhoneSimulator.platform/Developer/SDKs/iPhoneSimulator18.5.sdk -target x86_64-apple-ios17.0-simulator -g -module-cache-path /Users/runner/work/Super-Chef/Super-Chef/build/ModuleCache.noindex -Xfrontend -serialize-debugging-options -enable-testing -suppress-warnings -index-store-path /Users/runner/work/Super-Chef/Super-Chef/build/Index.noindex/DataStore -swift-version 5 -I /Users/runner/work/Super-Chef/Super-Chef/build/Build/Products/Debug-iphonesimulator -I /Applications/Xcode_16.4.app/Contents/Developer/Platforms/iPhoneSimulator.platform/Developer/usr/lib -F /Users/runner/work/Super-Chef/Super-Chef/build/Build/Products/Debug-iphonesimulator/PackageFrameworks -F /Users/runner/work/Super-Chef/Super-Chef/build/Build/Products/Debug-iphonesimulator/PackageFrameworks -F /Users/runner/work/Super-Chef/Super-Chef/build/Build/Products/Debug-iphonesimulator -F /Applications/Xcode_16.4.app/Contents/Developer/Platforms/iPhoneSimulator.platform/Developer/Library/Frameworks -F /Applications/Xcode_16.4.app/Contents/Developer/Platforms/iPhoneSimulator.platform/Developer/SDKs/iPhoneSimulator18.5.sdk/Developer/Library/Frameworks -c -j3 -enable-batch-mode -incremental -Xcc -ivfsstatcache -Xcc /Users/runner/work/Super-Chef/Super-Chef/build/SDKStatCaches.noindex/iphonesimulator18.5-22F76-96ae0914227b19deccb34b33ba7b5dea.sdkstatcache -output-file-map /Users/runner/work/Super-Chef/Super-Chef/build/Build/Intermediates.noindex/Pantry.build/Debug-iphonesimulator/PantryUI.build/Objects-normal/x86_64/PantryUI-OutputFileMap.json -use-frontend-parseable-output -save-temps -no-color-diagnostics -serialize-diagnostics -emit-dependencies -emit-module -emit-module-path /Users/runner/work/Super-Chef/Super-Chef/build/Build/Intermediates.noindex/Pantry.build/Debug-iphonesimulator/PantryUI.build/Objects-normal/x86_64/PantryUI.swiftmodule -validate-clang-modules-once -clang-build-session-file /Users/runner/work/Super-Chef/Super-Chef/build/ModuleCache.noindex/Session.modulevalidation -package-name super_chef -Xcc -I/Users/runner/work/Super-Chef/Super-Chef/build/Build/Intermediates.noindex/Pantry.build/Debug-iphonesimulator/PantryUI.build/swift-overrides.hmap -emit-const-values -Xfrontend -const-gather-protocols-file -Xfrontend /Users/runner/work/Super-Chef/Super-Chef/build/Build/Intermediates.noindex/Pantry.build/Debug-iphonesimulator/PantryUI.build/Objects-normal/x86_64/PantryUI_const_extract_protocols.json -Xcc -I/Users/runner/work/Super-Chef/Super-Chef/build/Build/Products/Debug-iphonesimulator/include -Xcc -I/Users/runner/work/Super-Chef/Super-Chef/build/Build/Intermediates.noindex/Pantry.build/Debug-iphonesimulator/PantryUI.build/DerivedSources-normal/x86_64 -Xcc -I/Users/runner/work/Super-Chef/Super-Chef/build/Build/Intermediates.noindex/Pantry.build/Debug-iphonesimulator/PantryUI.build/DerivedSources/x86_64 -Xcc -I/Users/runner/work/Super-Chef/Super-Chef/build/Build/Intermediates.noindex/Pantry.build/Debug-iphonesimulator/PantryUI.build/DerivedSources -Xcc -DSWIFT_PACKAGE -Xcc -DDEBUG\=1 -emit-objc-header -emit-objc-header-path /Users/runner/work/Super-Chef/Super-Chef/build/Build/Intermediates.noindex/Pantry.build/Debug-iphonesimulator/PantryUI.build/Objects-normal/x86_64/PantryUI-Swift.h -working-directory /Users/runner/work/Super-Chef/Super-Chef/App/Pantry.xcodeproj -experimental-emit-module-separately -disable-cmo

SwiftEmitModule normal arm64 Emitting\ module\ for\ PantryUI (in target 'PantryUI' from project 'Pantry' at path '/Users/runner/work/Super-Chef/Super-Chef/Package.swift')
EmitSwiftModule normal arm64 (in target 'PantryUI' from project 'Pantry' at path '/Users/runner/work/Super-Chef/Super-Chef/Package.swift')
    cd /Users/runner/work/Super-Chef/Super-Chef/App/Pantry.xcodeproj
    

SwiftEmitModule normal x86_64 Emitting\ module\ for\ PantryUI (in target 'PantryUI' from project 'Pantry' at path '/Users/runner/work/Super-Chef/Super-Chef/Package.swift')

EmitSwiftModule normal x86_64 (in target 'PantryUI' from project 'Pantry' at path '/Users/runner/work/Super-Chef/Super-Chef/Package.swift')
    cd /Users/runner/work/Super-Chef/Super-Chef/App/Pantry.xcodeproj
    

SwiftDriverJobDiscovery normal x86_64 Compiling SeededGenerator.swift, Session.swift, SoundCue.swift (in target 'PantryGame' from project 'Pantry' at path '/Users/runner/work/Super-Chef/Super-Chef/Package.swift')

SwiftCompile normal arm64 Compiling\ CardView.swift,\ PantryRootView.swift,\ PantryRoundView.swift,\ PantryRoundViewModel.swift,\ PantryScoreSheet.swift /Users/runner/work/Super-Chef/Super-Chef/Sources/PantryUI/CardView.swift /Users/runner/work/Super-Chef/Super-Chef/Sources/PantryUI/PantryRootView.swift /Users/runner/work/Super-Chef/Super-Chef/Sources/PantryUI/PantryRoundView.swift /Users/runner/work/Super-Chef/Super-Chef/Sources/PantryUI/PantryRoundViewModel.swift /Users/runner/work/Super-Chef/Super-Chef/Sources/PantryUI/PantryScoreSheet.swift (in target 'PantryUI' from project 'Pantry' at path '/Users/runner/work/Super-Chef/Super-Chef/Package.swift')
SwiftCompile normal arm64 /Users/runner/work/Super-Chef/Super-Chef/Sources/PantryUI/CardView.swift (in target 'PantryUI' from project 'Pantry' at path '/Users/runner/work/Super-Chef/Super-Chef/Package.swift')
    cd /Users/runner/work/Super-Chef/Super-Chef/App/Pantry.xcodeproj
    

SwiftCompile normal arm64 /Users/runner/work/Super-Chef/Super-Chef/Sources/PantryUI/PantryRootView.swift (in target 'PantryUI' from project 'Pantry' at path '/Users/runner/work/Super-Chef/Super-Chef/Package.swift')
    cd /Users/runner/work/Super-Chef/Super-Chef/App/Pantry.xcodeproj
    

SwiftCompile normal arm64 /Users/runner/work/Super-Chef/Super-Chef/Sources/PantryUI/PantryRoundView.swift (in target 'PantryUI' from project 'Pantry' at path '/Users/runner/work/Super-Chef/Super-Chef/Package.swift')
    cd /Users/runner/work/Super-Chef/Super-Chef/App/Pantry.xcodeproj
    

SwiftCompile normal arm64 /Users/runner/work/Super-Chef/Super-Chef/Sources/PantryUI/PantryRoundViewModel.swift (in target 'PantryUI' from project 'Pantry' at path '/Users/runner/work/Super-Chef/Super-Chef/Package.swift')
    cd /Users/runner/work/Super-Chef/Super-Chef/App/Pantry.xcodeproj
    

SwiftCompile normal arm64 /Users/runner/work/Super-Chef/Super-Chef/Sources/PantryUI/PantryScoreSheet.swift (in target 'PantryUI' from project 'Pantry' at path '/Users/runner/work/Super-Chef/Super-Chef/Package.swift')
    cd /Users/runner/work/Super-Chef/Super-Chef/App/Pantry.xcodeproj
    

SwiftCompile normal arm64 Compiling\ RecipeView.swift,\ RoundHeader.swift,\ RoundView.swift,\ RoundViewModel.swift,\ ScoreSheet.swift /Users/runner/work/Super-Chef/Super-Chef/Sources/PantryUI/RecipeView.swift /Users/runner/work/Super-Chef/Super-Chef/Sources/PantryUI/RoundHeader.swift /Users/runner/work/Super-Chef/Super-Chef/Sources/PantryUI/RoundView.swift /Users/runner/work/Super-Chef/Super-Chef/Sources/PantryUI/RoundViewModel.swift /Users/runner/work/Super-Chef/Super-Chef/Sources/PantryUI/ScoreSheet.swift (in target 'PantryUI' from project 'Pantry' at path '/Users/runner/work/Super-Chef/Super-Chef/Package.swift')
SwiftCompile normal arm64 /Users/runner/work/Super-Chef/Super-Chef/Sources/PantryUI/RecipeView.swift (in target 'PantryUI' from project 'Pantry' at path '/Users/runner/work/Super-Chef/Super-Chef/Package.swift')
    cd /Users/runner/work/Super-Chef/Super-Chef/App/Pantry.xcodeproj
    

SwiftCompile normal arm64 /Users/runner/work/Super-Chef/Super-Chef/Sources/PantryUI/RoundHeader.swift (in target 'PantryUI' from project 'Pantry' at path '/Users/runner/work/Super-Chef/Super-Chef/Package.swift')
    cd /Users/runner/work/Super-Chef/Super-Chef/App/Pantry.xcodeproj
    

SwiftCompile normal arm64 /Users/runner/work/Super-Chef/Super-Chef/Sources/PantryUI/RoundView.swift (in target 'PantryUI' from project 'Pantry' at path '/Users/runner/work/Super-Chef/Super-Chef/Package.swift')
    cd /Users/runner/work/Super-Chef/Super-Chef/App/Pantry.xcodeproj
    

SwiftCompile normal arm64 /Users/runner/work/Super-Chef/Super-Chef/Sources/PantryUI/RoundViewModel.swift (in target 'PantryUI' from project 'Pantry' at path '/Users/runner/work/Super-Chef/Super-Chef/Package.swift')
    cd /Users/runner/work/Super-Chef/Super-Chef/App/Pantry.xcodeproj
    

SwiftCompile normal arm64 /Users/runner/work/Super-Chef/Super-Chef/Sources/PantryUI/ScoreSheet.swift (in target 'PantryUI' from project 'Pantry' at path '/Users/runner/work/Super-Chef/Super-Chef/Package.swift')
    cd /Users/runner/work/Super-Chef/Super-Chef/App/Pantry.xcodeproj
    

SwiftCompile normal x86_64 Compiling\ CardView.swift,\ PantryRootView.swift,\ PantryRoundView.swift,\ PantryRoundViewModel.swift,\ PantryScoreSheet.swift /Users/runner/work/Super-Chef/Super-Chef/Sources/PantryUI/CardView.swift /Users/runner/work/Super-Chef/Super-Chef/Sources/PantryUI/PantryRootView.swift /Users/runner/work/Super-Chef/Super-Chef/Sources/PantryUI/PantryRoundView.swift /Users/runner/work/Super-Chef/Super-Chef/Sources/PantryUI/PantryRoundViewModel.swift /Users/runner/work/Super-Chef/Super-Chef/Sources/PantryUI/PantryScoreSheet.swift (in target 'PantryUI' from project 'Pantry' at path '/Users/runner/work/Super-Chef/Super-Chef/Package.swift')

SwiftCompile normal x86_64 /Users/runner/work/Super-Chef/Super-Chef/Sources/PantryUI/CardView.swift (in target 'PantryUI' from project 'Pantry' at path '/Users/runner/work/Super-Chef/Super-Chef/Package.swift')
    cd /Users/runner/work/Super-Chef/Super-Chef/App/Pantry.xcodeproj
    

SwiftCompile normal x86_64 /Users/runner/work/Super-Chef/Super-Chef/Sources/PantryUI/PantryRootView.swift (in target 'PantryUI' from project 'Pantry' at path '/Users/runner/work/Super-Chef/Super-Chef/Package.swift')
    cd /Users/runner/work/Super-Chef/Super-Chef/App/Pantry.xcodeproj
    

SwiftCompile normal x86_64 /Users/runner/work/Super-Chef/Super-Chef/Sources/PantryUI/PantryRoundView.swift (in target 'PantryUI' from project 'Pantry' at path '/Users/runner/work/Super-Chef/Super-Chef/Package.swift')
    cd /Users/runner/work/Super-Chef/Super-Chef/App/Pantry.xcodeproj
    

SwiftCompile normal x86_64 /Users/runner/work/Super-Chef/Super-Chef/Sources/PantryUI/PantryRoundViewModel.swift (in target 'PantryUI' from project 'Pantry' at path '/Users/runner/work/Super-Chef/Super-Chef/Package.swift')
    cd /Users/runner/work/Super-Chef/Super-Chef/App/Pantry.xcodeproj
    

SwiftCompile normal x86_64 /Users/runner/work/Super-Chef/Super-Chef/Sources/PantryUI/PantryScoreSheet.swift (in target 'PantryUI' from project 'Pantry' at path '/Users/runner/work/Super-Chef/Super-Chef/Package.swift')
    cd /Users/runner/work/Super-Chef/Super-Chef/App/Pantry.xcodeproj
    

SwiftDriverJobDiscovery normal x86_64 Emitting module for PantryUI (in target 'PantryUI' from project 'Pantry' at path '/Users/runner/work/Super-Chef/Super-Chef/Package.swift')

SwiftDriverJobDiscovery normal arm64 Emitting module for PantryUI (in target 'PantryUI' from project 'Pantry' at path '/Users/runner/work/Super-Chef/Super-Chef/Package.swift')

SwiftDriver\ Compilation\ Requirements PantryUI normal x86_64 com.apple.xcode.tools.swift.compiler (in target 'PantryUI' from project 'Pantry' at path '/Users/runner/work/Super-Chef/Super-Chef/Package.swift')
    cd /Users/runner/work/Super-Chef/Super-Chef/App/Pantry.xcodeproj
    builtin-Swift-Compilation-Requirements -- /Applications/Xcode_16.4.app/Contents/Developer/Toolchains/XcodeDefault.xctoolchain/usr/bin/swiftc -module-name PantryUI -Onone -enforce-exclusivity\=checked @/Users/runner/work/Super-Chef/Super-Chef/build/Build/Intermediates.noindex/Pantry.build/Debug-iphonesimulator/PantryUI.build/Objects-normal/x86_64/PantryUI.SwiftFileList -DSWIFT_PACKAGE -DDEBUG -DXcode -plugin-path /Applications/Xcode_16.4.app/Contents/Developer/Toolchains/XcodeDefault.xctoolchain/usr/lib/swift/host/plugins/testing -enable-experimental-feature DebugDescriptionMacro -sdk /Applications/Xcode_16.4.app/Contents/Developer/Platforms/iPhoneSimulator.platform/Developer/SDKs/iPhoneSimulator18.5.sdk -target x86_64-apple-ios17.0-simulator -g -module-cache-path /Users/runner/work/Super-Chef/Super-Chef/build/ModuleCache.noindex -Xfrontend -serialize-debugging-options -enable-testing -suppress-warnings -index-store-path /Users/runner/work/Super-Chef/Super-Chef/build/Index.noindex/DataStore -swift-version 5 -I /Users/runner/work/Super-Chef/Super-Chef/build/Build/Products/Debug-iphonesimulator -I /Applications/Xcode_16.4.app/Contents/Developer/Platforms/iPhoneSimulator.platform/Developer/usr/lib -F /Users/runner/work/Super-Chef/Super-Chef/build/Build/Products/Debug-iphonesimulator/PackageFrameworks -F /Users/runner/work/Super-Chef/Super-Chef/build/Build/Products/Debug-iphonesimulator/PackageFrameworks -F /Users/runner/work/Super-Chef/Super-Chef/build/Build/Products/Debug-iphonesimulator -F /Applications/Xcode_16.4.app/Contents/Developer/Platforms/iPhoneSimulator.platform/Developer/Library/Frameworks -F /Applications/Xcode_16.4.app/Contents/Developer/Platforms/iPhoneSimulator.platform/Developer/SDKs/iPhoneSimulator18.5.sdk/Developer/Library/Frameworks -c -j3 -enable-batch-mode -incremental -Xcc -ivfsstatcache -Xcc /Users/runner/work/Super-Chef/Super-Chef/build/SDKStatCaches.noindex/iphonesimulator18.5-22F76-96ae0914227b19deccb34b33ba7b5dea.sdkstatcache -output-file-map /Users/runner/work/Super-Chef/Super-Chef/build/Build/Intermediates.noindex/Pantry.build/Debug-iphonesimulator/PantryUI.build/Objects-normal/x86_64/PantryUI-OutputFileMap.json -use-frontend-parseable-output -save-temps -no-color-diagnostics -serialize-diagnostics -emit-dependencies -emit-module -emit-module-path /Users/runner/work/Super-Chef/Super-Chef/build/Build/Intermediates.noindex/Pantry.build/Debug-iphonesimulator/PantryUI.build/Objects-normal/x86_64/PantryUI.swiftmodule -validate-clang-modules-once -clang-build-session-file /Users/runner/work/Super-Chef/Super-Chef/build/ModuleCache.noindex/Session.modulevalidation -package-name super_chef -Xcc -I/Users/runner/work/Super-Chef/Super-Chef/build/Build/Intermediates.noindex/Pantry.build/Debug-iphonesimulator/PantryUI.build/swift-overrides.hmap -emit-const-values -Xfrontend -const-gather-protocols-file -Xfrontend /Users/runner/work/Super-Chef/Super-Chef/build/Build/Intermediates.noindex/Pantry.build/Debug-iphonesimulator/PantryUI.build/Objects-normal/x86_64/PantryUI_const_extract_protocols.json -Xcc -I/Users/runner/work/Super-Chef/Super-Chef/build/Build/Products/Debug-iphonesimulator/include -Xcc -I/Users/runner/work/Super-Chef/Super-Chef/build/Build/Intermediates.noindex/Pantry.build/Debug-iphonesimulator/PantryUI.build/DerivedSources-normal/x86_64 -Xcc -I/Users/runner/work/Super-Chef/Super-Chef/build/Build/Intermediates.noindex/Pantry.build/Debug-iphonesimulator/PantryUI.build/DerivedSources/x86_64 -Xcc -I/Users/runner/work/Super-Chef/Super-Chef/build/Build/Intermediates.noindex/Pantry.build/Debug-iphonesimulator/PantryUI.build/DerivedSources -Xcc -DSWIFT_PACKAGE -Xcc -DDEBUG\=1 -emit-objc-header -emit-objc-header-path /Users/runner/work/Super-Chef/Super-Chef/build/Build/Intermediates.noindex/Pantry.build/Debug-iphonesimulator/PantryUI.build/Objects-normal/x86_64/PantryUI-Swift.h -working-directory /Users/runner/work/Super-Chef/Super-Chef/App/Pantry.xcodeproj -experimental-emit-module-separately -disable-cmo

SwiftDriverJobDiscovery normal arm64 Compiling CardView.swift, PantryRootView.swift, PantryRoundView.swift, PantryRoundViewModel.swift, PantryScoreSheet.swift (in target 'PantryUI' from project 'Pantry' at path '/Users/runner/work/Super-Chef/Super-Chef/Package.swift')

SwiftDriver\ Compilation\ Requirements PantryUI normal arm64 com.apple.xcode.tools.swift.compiler (in target 'PantryUI' from project 'Pantry' at path '/Users/runner/work/Super-Chef/Super-Chef/Package.swift')
    cd /Users/runner/work/Super-Chef/Super-Chef/App/Pantry.xcodeproj
    builtin-Swift-Compilation-Requirements -- /Applications/Xcode_16.4.app/Contents/Developer/Toolchains/XcodeDefault.xctoolchain/usr/bin/swiftc -module-name PantryUI -Onone -enforce-exclusivity\=checked @/Users/runner/work/Super-Chef/Super-Chef/build/Build/Intermediates.noindex/Pantry.build/Debug-iphonesimulator/PantryUI.build/Objects-normal/arm64/PantryUI.SwiftFileList -DSWIFT_PACKAGE -DDEBUG -DXcode -plugin-path /Applications/Xcode_16.4.app/Contents/Developer/Toolchains/XcodeDefault.xctoolchain/usr/lib/swift/host/plugins/testing -enable-experimental-feature DebugDescriptionMacro -sdk /Applications/Xcode_16.4.app/Contents/Developer/Platforms/iPhoneSimulator.platform/Developer/SDKs/iPhoneSimulator18.5.sdk -target arm64-apple-ios17.0-simulator -g -module-cache-path /Users/runner/work/Super-Chef/Super-Chef/build/ModuleCache.noindex -Xfrontend -serialize-debugging-options -enable-testing -suppress-warnings -index-store-path /Users/runner/work/Super-Chef/Super-Chef/build/Index.noindex/DataStore -swift-version 5 -I /Users/runner/work/Super-Chef/Super-Chef/build/Build/Products/Debug-iphonesimulator -I /Applications/Xcode_16.4.app/Contents/Developer/Platforms/iPhoneSimulator.platform/Developer/usr/lib -F /Users/runner/work/Super-Chef/Super-Chef/build/Build/Products/Debug-iphonesimulator/PackageFrameworks -F /Users/runner/work/Super-Chef/Super-Chef/build/Build/Products/Debug-iphonesimulator/PackageFrameworks -F /Users/runner/work/Super-Chef/Super-Chef/build/Build/Products/Debug-iphonesimulator -F /Applications/Xcode_16.4.app/Contents/Developer/Platforms/iPhoneSimulator.platform/Developer/Library/Frameworks -F /Applications/Xcode_16.4.app/Contents/Developer/Platforms/iPhoneSimulator.platform/Developer/SDKs/iPhoneSimulator18.5.sdk/Developer/Library/Frameworks -c -j3 -enable-batch-mode -incremental -Xcc -ivfsstatcache -Xcc /Users/runner/work/Super-Chef/Super-Chef/build/SDKStatCaches.noindex/iphonesimulator18.5-22F76-96ae0914227b19deccb34b33ba7b5dea.sdkstatcache -output-file-map /Users/runner/work/Super-Chef/Super-Chef/build/Build/Intermediates.noindex/Pantry.build/Debug-iphonesimulator/PantryUI.build/Objects-normal/arm64/PantryUI-OutputFileMap.json -use-frontend-parseable-output -save-temps -no-color-diagnostics -serialize-diagnostics -emit-dependencies -emit-module -emit-module-path /Users/runner/work/Super-Chef/Super-Chef/build/Build/Intermediates.noindex/Pantry.build/Debug-iphonesimulator/PantryUI.build/Objects-normal/arm64/PantryUI.swiftmodule -validate-clang-modules-once -clang-build-session-file /Users/runner/work/Super-Chef/Super-Chef/build/ModuleCache.noindex/Session.modulevalidation -package-name super_chef -Xcc -I/Users/runner/work/Super-Chef/Super-Chef/build/Build/Intermediates.noindex/Pantry.build/Debug-iphonesimulator/PantryUI.build/swift-overrides.hmap -emit-const-values -Xfrontend -const-gather-protocols-file -Xfrontend /Users/runner/work/Super-Chef/Super-Chef/build/Build/Intermediates.noindex/Pantry.build/Debug-iphonesimulator/PantryUI.build/Objects-normal/arm64/PantryUI_const_extract_protocols.json -Xcc -I/Users/runner/work/Super-Chef/Super-Chef/build/Build/Products/Debug-iphonesimulator/include -Xcc -I/Users/runner/work/Super-Chef/Super-Chef/build/Build/Intermediates.noindex/Pantry.build/Debug-iphonesimulator/PantryUI.build/DerivedSources-normal/arm64 -Xcc -I/Users/runner/work/Super-Chef/Super-Chef/build/Build/Intermediates.noindex/Pantry.build/Debug-iphonesimulator/PantryUI.build/DerivedSources/arm64 -Xcc -I/Users/runner/work/Super-Chef/Super-Chef/build/Build/Intermediates.noindex/Pantry.build/Debug-iphonesimulator/PantryUI.build/DerivedSources -Xcc -DSWIFT_PACKAGE -Xcc -DDEBUG\=1 -emit-objc-header -emit-objc-header-path /Users/runner/work/Super-Chef/Super-Chef/build/Build/Intermediates.noindex/Pantry.build/Debug-iphonesimulator/PantryUI.build/Objects-normal/arm64/PantryUI-Swift.h -working-directory /Users/runner/work/Super-Chef/Super-Chef/App/Pantry.xcodeproj -experimental-emit-module-separately -disable-cmo

SwiftCompile normal arm64 Compiling\ SessionController.swift,\ SessionSummaryView.swift,\ SoundPlayer.swift,\ WokScene.swift /Users/runner/work/Super-Chef/Super-Chef/Sources/PantryUI/SessionController.swift /Users/runner/work/Super-Chef/Super-Chef/Sources/PantryUI/SessionSummaryView.swift /Users/runner/work/Super-Chef/Super-Chef/Sources/PantryUI/SoundPlayer.swift /Users/runner/work/Super-Chef/Super-Chef/Sources/PantryUI/WokScene.swift (in target 'PantryUI' from project 'Pantry' at path '/Users/runner/work/Super-Chef/Super-Chef/Package.swift')
SwiftCompile normal arm64 /Users/runner/work/Super-Chef/Super-Chef/Sources/PantryUI/SessionController.swift (in target 'PantryUI' from project 'Pantry' at path '/Users/runner/work/Super-Chef/Super-Chef/Package.swift')
    cd /Users/runner/work/Super-Chef/Super-Chef/App/Pantry.xcodeproj
    

SwiftCompile normal arm64 /Users/runner/work/Super-Chef/Super-Chef/Sources/PantryUI/SessionSummaryView.swift (in target 'PantryUI' from project 'Pantry' at path '/Users/runner/work/Super-Chef/Super-Chef/Package.swift')
    cd /Users/runner/work/Super-Chef/Super-Chef/App/Pantry.xcodeproj
    

SwiftCompile normal arm64 /Users/runner/work/Super-Chef/Super-Chef/Sources/PantryUI/SoundPlayer.swift (in target 'PantryUI' from project 'Pantry' at path '/Users/runner/work/Super-Chef/Super-Chef/Package.swift')
    cd /Users/runner/work/Super-Chef/Super-Chef/App/Pantry.xcodeproj
    

SwiftCompile normal arm64 /Users/runner/work/Super-Chef/Super-Chef/Sources/PantryUI/WokScene.swift (in target 'PantryUI' from project 'Pantry' at path '/Users/runner/work/Super-Chef/Super-Chef/Package.swift')
    cd /Users/runner/work/Super-Chef/Super-Chef/App/Pantry.xcodeproj
    

SwiftMergeGeneratedHeaders /Users/runner/work/Super-Chef/Super-Chef/build/Build/Intermediates.noindex/GeneratedModuleMaps-iphonesimulator/PantryUI-Swift.h /Users/runner/work/Super-Chef/Super-Chef/build/Build/Intermediates.noindex/Pantry.build/Debug-iphonesimulator/PantryUI.build/Objects-normal/arm64/PantryUI-Swift.h /Users/runner/work/Super-Chef/Super-Chef/build/Build/Intermediates.noindex/Pantry.build/Debug-iphonesimulator/PantryUI.build/Objects-normal/x86_64/PantryUI-Swift.h (in target 'PantryUI' from project 'Pantry' at path '/Users/runner/work/Super-Chef/Super-Chef/Package.swift')
    cd /Users/runner/work/Super-Chef/Super-Chef
    builtin-swiftHeaderTool -arch arm64 /Users/runner/work/Super-Chef/Super-Chef/build/Build/Intermediates.noindex/Pantry.build/Debug-iphonesimulator/PantryUI.build/Objects-normal/arm64/PantryUI-Swift.h -arch x86_64 /Users/runner/work/Super-Chef/Super-Chef/build/Build/Intermediates.noindex/Pantry.build/Debug-iphonesimulator/PantryUI.build/Objects-normal/x86_64/PantryUI-Swift.h -o /Users/runner/work/Super-Chef/Super-Chef/build/Build/Intermediates.noindex/GeneratedModuleMaps-iphonesimulator/PantryUI-Swift.h

SwiftDriverJobDiscovery normal x86_64 Compiling CardView.swift, PantryRootView.swift, PantryRoundView.swift, PantryRoundViewModel.swift, PantryScoreSheet.swift (in target 'PantryUI' from project 'Pantry' at path '/Users/runner/work/Super-Chef/Super-Chef/Package.swift')

Copy /Users/runner/work/Super-Chef/Super-Chef/build/Build/Products/Debug-iphonesimulator/PantryUI.swiftmodule/x86_64-apple-ios-simulator.swiftmodule /Users/runner/work/Super-Chef/Super-Chef/build/Build/Intermediates.noindex/Pantry.build/Debug-iphonesimulator/PantryUI.build/Objects-normal/x86_64/PantryUI.swiftmodule (in target 'PantryUI' from project 'Pantry' at path '/Users/runner/work/Super-Chef/Super-Chef/Package.swift')
    cd /Users/runner/work/Super-Chef/Super-Chef
    builtin-copy -exclude .DS_Store -exclude CVS -exclude .svn -exclude .git -exclude .hg -resolve-src-symlinks -rename /Users/runner/work/Super-Chef/Super-Chef/build/Build/Intermediates.noindex/Pantry.build/Debug-iphonesimulator/PantryUI.build/Objects-normal/x86_64/PantryUI.swiftmodule /Users/runner/work/Super-Chef/Super-Chef/build/Build/Products/Debug-iphonesimulator/PantryUI.swiftmodule/x86_64-apple-ios-simulator.swiftmodule

Copy /Users/runner/work/Super-Chef/Super-Chef/build/Build/Products/Debug-iphonesimulator/PantryUI.swiftmodule/x86_64-apple-ios-simulator.swiftdoc /Users/runner/work/Super-Chef/Super-Chef/build/Build/Intermediates.noindex/Pantry.build/Debug-iphonesimulator/PantryUI.build/Objects-normal/x86_64/PantryUI.swiftdoc (in target 'PantryUI' from project 'Pantry' at path '/Users/runner/work/Super-Chef/Super-Chef/Package.swift')
    cd /Users/runner/work/Super-Chef/Super-Chef
    builtin-copy -exclude .DS_Store -exclude CVS -exclude .svn -exclude .git -exclude .hg -resolve-src-symlinks -rename /Users/runner/work/Super-Chef/Super-Chef/build/Build/Intermediates.noindex/Pantry.build/Debug-iphonesimulator/PantryUI.build/Objects-normal/x86_64/PantryUI.swiftdoc /Users/runner/work/Super-Chef/Super-Chef/build/Build/Products/Debug-iphonesimulator/PantryUI.swiftmodule/x86_64-apple-ios-simulator.swiftdoc

Copy /Users/runner/work/Super-Chef/Super-Chef/build/Build/Products/Debug-iphonesimulator/PantryUI.swiftmodule/x86_64-apple-ios-simulator.abi.json /Users/runner/work/Super-Chef/Super-Chef/build/Build/Intermediates.noindex/Pantry.build/Debug-iphonesimulator/PantryUI.build/Objects-normal/x86_64/PantryUI.abi.json (in target 'PantryUI' from project 'Pantry' at path '/Users/runner/work/Super-Chef/Super-Chef/Package.swift')
    cd /Users/runner/work/Super-Chef/Super-Chef
    builtin-copy -exclude .DS_Store -exclude CVS -exclude .svn -exclude .git -exclude .hg -resolve-src-symlinks -rename /Users/runner/work/Super-Chef/Super-Chef/build/Build/Intermediates.noindex/Pantry.build/Debug-iphonesimulator/PantryUI.build/Objects-normal/x86_64/PantryUI.abi.json /Users/runner/work/Super-Chef/Super-Chef/build/Build/Products/Debug-iphonesimulator/PantryUI.swiftmodule/x86_64-apple-ios-simulator.abi.json

Copy /Users/runner/work/Super-Chef/Super-Chef/build/Build/Products/Debug-iphonesimulator/PantryUI.swiftmodule/arm64-apple-ios-simulator.swiftmodule /Users/runner/work/Super-Chef/Super-Chef/build/Build/Intermediates.noindex/Pantry.build/Debug-iphonesimulator/PantryUI.build/Objects-normal/arm64/PantryUI.swiftmodule (in target 'PantryUI' from project 'Pantry' at path '/Users/runner/work/Super-Chef/Super-Chef/Package.swift')
    cd /Users/runner/work/Super-Chef/Super-Chef
    builtin-copy -exclude .DS_Store -exclude CVS -exclude .svn -exclude .git -exclude .hg -resolve-src-symlinks -rename /Users/runner/work/Super-Chef/Super-Chef/build/Build/Intermediates.noindex/Pantry.build/Debug-iphonesimulator/PantryUI.build/Objects-normal/arm64/PantryUI.swiftmodule /Users/runner/work/Super-Chef/Super-Chef/build/Build/Products/Debug-iphonesimulator/PantryUI.swiftmodule/arm64-apple-ios-simulator.swiftmodule

Copy /Users/runner/work/Super-Chef/Super-Chef/build/Build/Products/Debug-iphonesimulator/PantryUI.swiftmodule/arm64-apple-ios-simulator.swiftdoc /Users/runner/work/Super-Chef/Super-Chef/build/Build/Intermediates.noindex/Pantry.build/Debug-iphonesimulator/PantryUI.build/Objects-normal/arm64/PantryUI.swiftdoc (in target 'PantryUI' from project 'Pantry' at path '/Users/runner/work/Super-Chef/Super-Chef/Package.swift')
    cd /Users/runner/work/Super-Chef/Super-Chef
    builtin-copy -exclude .DS_Store -exclude CVS -exclude .svn -exclude .git -exclude .hg -resolve-src-symlinks -rename /Users/runner/work/Super-Chef/Super-Chef/build/Build/Intermediates.noindex/Pantry.build/Debug-iphonesimulator/PantryUI.build/Objects-normal/arm64/PantryUI.swiftdoc /Users/runner/work/Super-Chef/Super-Chef/build/Build/Products/Debug-iphonesimulator/PantryUI.swiftmodule/arm64-apple-ios-simulator.swiftdoc

Copy /Users/runner/work/Super-Chef/Super-Chef/build/Build/Products/Debug-iphonesimulator/PantryUI.swiftmodule/arm64-apple-ios-simulator.abi.json /Users/runner/work/Super-Chef/Super-Chef/build/Build/Intermediates.noindex/Pantry.build/Debug-iphonesimulator/PantryUI.build/Objects-normal/arm64/PantryUI.abi.json (in target 'PantryUI' from project 'Pantry' at path '/Users/runner/work/Super-Chef/Super-Chef/Package.swift')
    cd /Users/runner/work/Super-Chef/Super-Chef
    builtin-copy -exclude .DS_Store -exclude CVS -exclude .svn -exclude .git -exclude .hg -resolve-src-symlinks -rename /Users/runner/work/Super-Chef/Super-Chef/build/Build/Intermediates.noindex/Pantry.build/Debug-iphonesimulator/PantryUI.build/Objects-normal/arm64/PantryUI.abi.json /Users/runner/work/Super-Chef/Super-Chef/build/Build/Products/Debug-iphonesimulator/PantryUI.swiftmodule/arm64-apple-ios-simulator.abi.json

Copy /Users/runner/work/Super-Chef/Super-Chef/build/Build/Products/Debug-iphonesimulator/PantryUI.swiftmodule/Project/x86_64-apple-ios-simulator.swiftsourceinfo /Users/runner/work/Super-Chef/Super-Chef/build/Build/Intermediates.noindex/Pantry.build/Debug-iphonesimulator/PantryUI.build/Objects-normal/x86_64/PantryUI.swiftsourceinfo (in target 'PantryUI' from project 'Pantry' at path '/Users/runner/work/Super-Chef/Super-Chef/Package.swift')
    cd /Users/runner/work/Super-Chef/Super-Chef
    builtin-copy -exclude .DS_Store -exclude CVS -exclude .svn -exclude .git -exclude .hg -resolve-src-symlinks -rename /Users/runner/work/Super-Chef/Super-Chef/build/Build/Intermediates.noindex/Pantry.build/Debug-iphonesimulator/PantryUI.build/Objects-normal/x86_64/PantryUI.swiftsourceinfo /Users/runner/work/Super-Chef/Super-Chef/build/Build/Products/Debug-iphonesimulator/PantryUI.swiftmodule/Project/x86_64-apple-ios-simulator.swiftsourceinfo

Copy /Users/runner/work/Super-Chef/Super-Chef/build/Build/Products/Debug-iphonesimulator/PantryUI.swiftmodule/Project/arm64-apple-ios-simulator.swiftsourceinfo /Users/runner/work/Super-Chef/Super-Chef/build/Build/Intermediates.noindex/Pantry.build/Debug-iphonesimulator/PantryUI.build/Objects-normal/arm64/PantryUI.swiftsourceinfo (in target 'PantryUI' from project 'Pantry' at path '/Users/runner/work/Super-Chef/Super-Chef/Package.swift')
    cd /Users/runner/work/Super-Chef/Super-Chef
    builtin-copy -exclude .DS_Store -exclude CVS -exclude .svn -exclude .git -exclude .hg -resolve-src-symlinks -rename /Users/runner/work/Super-Chef/Super-Chef/build/Build/Intermediates.noindex/Pantry.build/Debug-iphonesimulator/PantryUI.build/Objects-normal/arm64/PantryUI.swiftsourceinfo /Users/runner/work/Super-Chef/Super-Chef/build/Build/Products/Debug-iphonesimulator/PantryUI.swiftmodule/Project/arm64-apple-ios-simulator.swiftsourceinfo

SwiftCompile normal x86_64 Compiling\ RecipeView.swift,\ RoundHeader.swift,\ RoundView.swift,\ RoundViewModel.swift,\ ScoreSheet.swift /Users/runner/work/Super-Chef/Super-Chef/Sources/PantryUI/RecipeView.swift /Users/runner/work/Super-Chef/Super-Chef/Sources/PantryUI/RoundHeader.swift /Users/runner/work/Super-Chef/Super-Chef/Sources/PantryUI/RoundView.swift /Users/runner/work/Super-Chef/Super-Chef/Sources/PantryUI/RoundViewModel.swift /Users/runner/work/Super-Chef/Super-Chef/Sources/PantryUI/ScoreSheet.swift (in target 'PantryUI' from project 'Pantry' at path '/Users/runner/work/Super-Chef/Super-Chef/Package.swift')
SwiftCompile normal x86_64 /Users/runner/work/Super-Chef/Super-Chef/Sources/PantryUI/RecipeView.swift (in target 'PantryUI' from project 'Pantry' at path '/Users/runner/work/Super-Chef/Super-Chef/Package.swift')
    cd /Users/runner/work/Super-Chef/Super-Chef/App/Pantry.xcodeproj
    

SwiftCompile normal x86_64 /Users/runner/work/Super-Chef/Super-Chef/Sources/PantryUI/RoundHeader.swift (in target 'PantryUI' from project 'Pantry' at path '/Users/runner/work/Super-Chef/Super-Chef/Package.swift')
    cd /Users/runner/work/Super-Chef/Super-Chef/App/Pantry.xcodeproj
    

SwiftCompile normal x86_64 /Users/runner/work/Super-Chef/Super-Chef/Sources/PantryUI/RoundView.swift (in target 'PantryUI' from project 'Pantry' at path '/Users/runner/work/Super-Chef/Super-Chef/Package.swift')
    cd /Users/runner/work/Super-Chef/Super-Chef/App/Pantry.xcodeproj
    

SwiftCompile normal x86_64 /Users/runner/work/Super-Chef/Super-Chef/Sources/PantryUI/RoundViewModel.swift (in target 'PantryUI' from project 'Pantry' at path '/Users/runner/work/Super-Chef/Super-Chef/Package.swift')
    cd /Users/runner/work/Super-Chef/Super-Chef/App/Pantry.xcodeproj
    

SwiftCompile normal x86_64 /Users/runner/work/Super-Chef/Super-Chef/Sources/PantryUI/ScoreSheet.swift (in target 'PantryUI' from project 'Pantry' at path '/Users/runner/work/Super-Chef/Super-Chef/Package.swift')
    cd /Users/runner/work/Super-Chef/Super-Chef/App/Pantry.xcodeproj
    

SwiftCompile normal x86_64 Compiling\ SessionController.swift,\ SessionSummaryView.swift,\ SoundPlayer.swift,\ WokScene.swift /Users/runner/work/Super-Chef/Super-Chef/Sources/PantryUI/SessionController.swift /Users/runner/work/Super-Chef/Super-Chef/Sources/PantryUI/SessionSummaryView.swift /Users/runner/work/Super-Chef/Super-Chef/Sources/PantryUI/SoundPlayer.swift /Users/runner/work/Super-Chef/Super-Chef/Sources/PantryUI/WokScene.swift (in target 'PantryUI' from project 'Pantry' at path '/Users/runner/work/Super-Chef/Super-Chef/Package.swift')

SwiftCompile normal x86_64 /Users/runner/work/Super-Chef/Super-Chef/Sources/PantryUI/SessionController.swift (in target 'PantryUI' from project 'Pantry' at path '/Users/runner/work/Super-Chef/Super-Chef/Package.swift')
    cd /Users/runner/work/Super-Chef/Super-Chef/App/Pantry.xcodeproj
    

SwiftCompile normal x86_64 /Users/runner/work/Super-Chef/Super-Chef/Sources/PantryUI/SessionSummaryView.swift (in target 'PantryUI' from project 'Pantry' at path '/Users/runner/work/Super-Chef/Super-Chef/Package.swift')
    cd /Users/runner/work/Super-Chef/Super-Chef/App/Pantry.xcodeproj
    

SwiftCompile normal x86_64 /Users/runner/work/Super-Chef/Super-Chef/Sources/PantryUI/SoundPlayer.swift (in target 'PantryUI' from project 'Pantry' at path '/Users/runner/work/Super-Chef/Super-Chef/Package.swift')
    cd /Users/runner/work/Super-Chef/Super-Chef/App/Pantry.xcodeproj
    

SwiftCompile normal x86_64 /Users/runner/work/Super-Chef/Super-Chef/Sources/PantryUI/WokScene.swift (in target 'PantryUI' from project 'Pantry' at path '/Users/runner/work/Super-Chef/Super-Chef/Package.swift')
    cd /Users/runner/work/Super-Chef/Super-Chef/App/Pantry.xcodeproj
    

SwiftDriverJobDiscovery normal arm64 Compiling RecipeView.swift, RoundHeader.swift, RoundView.swift, RoundViewModel.swift, ScoreSheet.swift (in target 'PantryUI' from project 'Pantry' at path '/Users/runner/work/Super-Chef/Super-Chef/Package.swift')

SwiftDriver\ Compilation PantryGame normal x86_64 com.apple.xcode.tools.swift.compiler (in target 'PantryGame' from project 'Pantry' at path '/Users/runner/work/Super-Chef/Super-Chef/Package.swift')
    cd /Users/runner/work/Super-Chef/Super-Chef/App/Pantry.xcodeproj
    builtin-Swift-Compilation -- /Applications/Xcode_16.4.app/Contents/Developer/Toolchains/XcodeDefault.xctoolchain/usr/bin/swiftc -module-name PantryGame -Onone -enforce-exclusivity\=checked @/Users/runner/work/Super-Chef/Super-Chef/build/Build/Intermediates.noindex/Pantry.build/Debug-iphonesimulator/PantryGame.build/Objects-normal/x86_64/PantryGame.SwiftFileList -DSWIFT_PACKAGE -DDEBUG -DXcode -plugin-path /Applications/Xcode_16.4.app/Contents/Developer/Toolchains/XcodeDefault.xctoolchain/usr/lib/swift/host/plugins/testing -enable-experimental-feature DebugDescriptionMacro -sdk /Applications/Xcode_16.4.app/Contents/Developer/Platforms/iPhoneSimulator.platform/Developer/SDKs/iPhoneSimulator18.5.sdk -target x86_64-apple-ios17.0-simulator -g -module-cache-path /Users/runner/work/Super-Chef/Super-Chef/build/ModuleCache.noindex -Xfrontend -serialize-debugging-options -enable-testing -suppress-warnings -index-store-path /Users/runner/work/Super-Chef/Super-Chef/build/Index.noindex/DataStore -swift-version 5 -I /Users/runner/work/Super-Chef/Super-Chef/build/Build/Products/Debug-iphonesimulator -I /Applications/Xcode_16.4.app/Contents/Developer/Platforms/iPhoneSimulator.platform/Developer/usr/lib -F /Users/runner/work/Super-Chef/Super-Chef/build/Build/Products/Debug-iphonesimulator/PackageFrameworks -F /Users/runner/work/Super-Chef/Super-Chef/build/Build/Products/Debug-iphonesimulator -F /Applications/Xcode_16.4.app/Contents/Developer/Platforms/iPhoneSimulator.platform/Developer/Library/Frameworks -F /Applications/Xcode_16.4.app/Contents/Developer/Platforms/iPhoneSimulator.platform/Developer/SDKs/iPhoneSimulator18.5.sdk/Developer/Library/Frameworks -c -j3 -enable-batch-mode -incremental -Xcc -ivfsstatcache -Xcc /Users/runner/work/Super-Chef/Super-Chef/build/SDKStatCaches.noindex/iphonesimulator18.5-22F76-96ae0914227b19deccb34b33ba7b5dea.sdkstatcache -output-file-map /Users/runner/work/Super-Chef/Super-Chef/build/Build/Intermediates.noindex/Pantry.build/Debug-iphonesimulator/PantryGame.build/Objects-normal/x86_64/PantryGame-OutputFileMap.json -use-frontend-parseable-output -save-temps -no-color-diagnostics -serialize-diagnostics -emit-dependencies -emit-module -emit-module-path /Users/runner/work/Super-Chef/Super-Chef/build/Build/Intermediates.noindex/Pantry.build/Debug-iphonesimulator/PantryGame.build/Objects-normal/x86_64/PantryGame.swiftmodule -validate-clang-modules-once -clang-build-session-file /Users/runner/work/Super-Chef/Super-Chef/build/ModuleCache.noindex/Session.modulevalidation -package-name super_chef -Xcc -I/Users/runner/work/Super-Chef/Super-Chef/build/Build/Intermediates.noindex/Pantry.build/Debug-iphonesimulator/PantryGame.build/swift-overrides.hmap -emit-const-values -Xfrontend -const-gather-protocols-file -Xfrontend /Users/runner/work/Super-Chef/Super-Chef/build/Build/Intermediates.noindex/Pantry.build/Debug-iphonesimulator/PantryGame.build/Objects-normal/x86_64/PantryGame_const_extract_protocols.json -Xcc -I/Users/runner/work/Super-Chef/Super-Chef/build/Build/Products/Debug-iphonesimulator/include -Xcc -I/Users/runner/work/Super-Chef/Super-Chef/build/Build/Intermediates.noindex/Pantry.build/Debug-iphonesimulator/PantryGame.build/DerivedSources-normal/x86_64 -Xcc -I/Users/runner/work/Super-Chef/Super-Chef/build/Build/Intermediates.noindex/Pantry.build/Debug-iphonesimulator/PantryGame.build/DerivedSources/x86_64 -Xcc -I/Users/runner/work/Super-Chef/Super-Chef/build/Build/Intermediates.noindex/Pantry.build/Debug-iphonesimulator/PantryGame.build/DerivedSources -Xcc -DSWIFT_PACKAGE -Xcc -DDEBUG\=1 -emit-objc-header -emit-objc-header-path /Users/runner/work/Super-Chef/Super-Chef/build/Build/Intermediates.noindex/Pantry.build/Debug-iphonesimulator/PantryGame.build/Objects-normal/x86_64/PantryGame-Swift.h -working-directory /Users/runner/work/Super-Chef/Super-Chef/App/Pantry.xcodeproj -experimental-emit-module-separately -disable-cmo

SwiftDriverJobDiscovery normal arm64 Compiling SessionController.swift, SessionSummaryView.swift, SoundPlayer.swift, WokScene.swift (in target 'PantryUI' from project 'Pantry' at path '/Users/runner/work/Super-Chef/Super-Chef/Package.swift')

SwiftDriver\ Compilation PantryUI normal arm64 com.apple.xcode.tools.swift.compiler (in target 'PantryUI' from project 'Pantry' at path '/Users/runner/work/Super-Chef/Super-Chef/Package.swift')
    cd /Users/runner/work/Super-Chef/Super-Chef/App/Pantry.xcodeproj
    builtin-Swift-Compilation -- /Applications/Xcode_16.4.app/Contents/Developer/Toolchains/XcodeDefault.xctoolchain/usr/bin/swiftc -module-name PantryUI -Onone -enforce-exclusivity\=checked @/Users/runner/work/Super-Chef/Super-Chef/build/Build/Intermediates.noindex/Pantry.build/Debug-iphonesimulator/PantryUI.build/Objects-normal/arm64/PantryUI.SwiftFileList -DSWIFT_PACKAGE -DDEBUG -DXcode -plugin-path /Applications/Xcode_16.4.app/Contents/Developer/Toolchains/XcodeDefault.xctoolchain/usr/lib/swift/host/plugins/testing -enable-experimental-feature DebugDescriptionMacro -sdk /Applications/Xcode_16.4.app/Contents/Developer/Platforms/iPhoneSimulator.platform/Developer/SDKs/iPhoneSimulator18.5.sdk -target arm64-apple-ios17.0-simulator -g -module-cache-path /Users/runner/work/Super-Chef/Super-Chef/build/ModuleCache.noindex -Xfrontend -serialize-debugging-options -enable-testing -suppress-warnings -index-store-path /Users/runner/work/Super-Chef/Super-Chef/build/Index.noindex/DataStore -swift-version 5 -I /Users/runner/work/Super-Chef/Super-Chef/build/Build/Products/Debug-iphonesimulator -I /Applications/Xcode_16.4.app/Contents/Developer/Platforms/iPhoneSimulator.platform/Developer/usr/lib -F /Users/runner/work/Super-Chef/Super-Chef/build/Build/Products/Debug-iphonesimulator/PackageFrameworks -F /Users/runner/work/Super-Chef/Super-Chef/build/Build/Products/Debug-iphonesimulator/PackageFrameworks -F /Users/runner/work/Super-Chef/Super-Chef/build/Build/Products/Debug-iphonesimulator -F /Applications/Xcode_16.4.app/Contents/Developer/Platforms/iPhoneSimulator.platform/Developer/Library/Frameworks -F /Applications/Xcode_16.4.app/Contents/Developer/Platforms/iPhoneSimulator.platform/Developer/SDKs/iPhoneSimulator18.5.sdk/Developer/Library/Frameworks -c -j3 -enable-batch-mode -incremental -Xcc -ivfsstatcache -Xcc /Users/runner/work/Super-Chef/Super-Chef/build/SDKStatCaches.noindex/iphonesimulator18.5-22F76-96ae0914227b19deccb34b33ba7b5dea.sdkstatcache -output-file-map /Users/runner/work/Super-Chef/Super-Chef/build/Build/Intermediates.noindex/Pantry.build/Debug-iphonesimulator/PantryUI.build/Objects-normal/arm64/PantryUI-OutputFileMap.json -use-frontend-parseable-output -save-temps -no-color-diagnostics -serialize-diagnostics -emit-dependencies -emit-module -emit-module-path /Users/runner/work/Super-Chef/Super-Chef/build/Build/Intermediates.noindex/Pantry.build/Debug-iphonesimulator/PantryUI.build/Objects-normal/arm64/PantryUI.swiftmodule -validate-clang-modules-once -clang-build-session-file /Users/runner/work/Super-Chef/Super-Chef/build/ModuleCache.noindex/Session.modulevalidation -package-name super_chef -Xcc -I/Users/runner/work/Super-Chef/Super-Chef/build/Build/Intermediates.noindex/Pantry.build/Debug-iphonesimulator/PantryUI.build/swift-overrides.hmap -emit-const-values -Xfrontend -const-gather-protocols-file -Xfrontend /Users/runner/work/Super-Chef/Super-Chef/build/Build/Intermediates.noindex/Pantry.build/Debug-iphonesimulator/PantryUI.build/Objects-normal/arm64/PantryUI_const_extract_protocols.json -Xcc -I/Users/runner/work/Super-Chef/Super-Chef/build/Build/Products/Debug-iphonesimulator/include -Xcc -I/Users/runner/work/Super-Chef/Super-Chef/build/Build/Intermediates.noindex/Pantry.build/Debug-iphonesimulator/PantryUI.build/DerivedSources-normal/arm64 -Xcc -I/Users/runner/work/Super-Chef/Super-Chef/build/Build/Intermediates.noindex/Pantry.build/Debug-iphonesimulator/PantryUI.build/DerivedSources/arm64 -Xcc -I/Users/runner/work/Super-Chef/Super-Chef/build/Build/Intermediates.noindex/Pantry.build/Debug-iphonesimulator/PantryUI.build/DerivedSources -Xcc -DSWIFT_PACKAGE -Xcc -DDEBUG\=1 -emit-objc-header -emit-objc-header-path /Users/runner/work/Super-Chef/Super-Chef/build/Build/Intermediates.noindex/Pantry.build/Debug-iphonesimulator/PantryUI.build/Objects-normal/arm64/PantryUI-Swift.h -working-directory /Users/runner/work/Super-Chef/Super-Chef/App/Pantry.xcodeproj -experimental-emit-module-separately -disable-cmo

MkDir /Users/runner/work/Super-Chef/Super-Chef/build/Build/Intermediates.noindex/Pantry.build/Debug-iphonesimulator/Pantry.build/assetcatalog_output/unthinned (in target 'Pantry' from project 'Pantry' at path '/Users/runner/work/Super-Chef/Super-Chef/App/Pantry.xcodeproj')
    cd /Users/runner/work/Super-Chef/Super-Chef/App
    /bin/mkdir -p /Users/runner/work/Super-Chef/Super-Chef/build/Build/Intermediates.noindex/Pantry.build/Debug-iphonesimulator/Pantry.build/assetcatalog_output/unthinned

MkDir /Users/runner/work/Super-Chef/Super-Chef/build/Build/Intermediates.noindex/Pantry.build/Debug-iphonesimulator/Pantry.build/assetcatalog_output/thinned (in target 'Pantry' from project 'Pantry' at path '/Users/runner/work/Super-Chef/Super-Chef/App/Pantry.xcodeproj')
    cd /Users/runner/work/Super-Chef/Super-Chef/App
    /bin/mkdir -p /Users/runner/work/Super-Chef/Super-Chef/build/Build/Intermediates.noindex/Pantry.build/Debug-iphonesimulator/Pantry.build/assetcatalog_output/thinned

GenerateAssetSymbols /Users/runner/work/Super-Chef/Super-Chef/App/Pantry/Assets.xcassets (in target 'Pantry' from project 'Pantry' at path '/Users/runner/work/Super-Chef/Super-Chef/App/Pantry.xcodeproj')
    cd /Users/runner/work/Super-Chef/Super-Chef/App
    /Applications/Xcode_16.4.app/Contents/Developer/usr/bin/actool /Users/runner/work/Super-Chef/Super-Chef/App/Pantry/Assets.xcassets --compile /Users/runner/work/Super-Chef/Super-Chef/build/Build/Products/Debug-iphonesimulator/Pantry.app --output-format human-readable-text --notices --warnings --export-dependency-info /Users/runner/work/Super-Chef/Super-Chef/build/Build/Intermediates.noindex/Pantry.build/Debug-iphonesimulator/Pantry.build/assetcatalog_dependencies --output-partial-info-plist /Users/runner/work/Super-Chef/Super-Chef/build/Build/Intermediates.noindex/Pantry.build/Debug-iphonesimulator/Pantry.build/assetcatalog_generated_info.plist --app-icon AppIcon --accent-color AccentColor --compress-pngs --enable-on-demand-resources YES --development-region en --target-device iphone --minimum-deployment-target 17.0 --platform iphonesimulator --bundle-identifier ai.skasiehi.pantry --generate-swift-asset-symbol-extensions NO --generate-swift-asset-symbols /Users/runner/work/Super-Chef/Super-Chef/build/Build/Intermediates.noindex/Pantry.build/Debug-iphonesimulator/Pantry.build/DerivedSources/GeneratedAssetSymbols.swift --generate-objc-asset-symbols /Users/runner/work/Super-Chef/Super-Chef/build/Build/Intermediates.noindex/Pantry.build/Debug-iphonesimulator/Pantry.build/DerivedSources/GeneratedAssetSymbols.h --generate-asset-symbol-index /Users/runner/work/Super-Chef/Super-Chef/build/Build/Intermediates.noindex/Pantry.build/Debug-iphonesimulator/Pantry.build/DerivedSources/GeneratedAssetSymbols-Index.plist
/* com.apple.actool.compilation-results */
/Users/runner/work/Super-Chef/Super-Chef/build/Build/Intermediates.noindex/Pantry.build/Debug-iphonesimulator/Pantry.build/DerivedSources/GeneratedAssetSymbols-Index.plist
/Users/runner/work/Super-Chef/Super-Chef/build/Build/Intermediates.noindex/Pantry.build/Debug-iphonesimulator/Pantry.build/DerivedSources/GeneratedAssetSymbols.h
/Users/runner/work/Super-Chef/Super-Chef/build/Build/Intermediates.noindex/Pantry.build/Debug-iphonesimulator/Pantry.build/DerivedSources/GeneratedAssetSymbols.swift


CompileAssetCatalogVariant thinned /Users/runner/work/Super-Chef/Super-Chef/build/Build/Products/Debug-iphonesimulator/Pantry.app /Users/runner/work/Super-Chef/Super-Chef/App/Pantry/Assets.xcassets (in target 'Pantry' from project 'Pantry' at path '/Users/runner/work/Super-Chef/Super-Chef/App/Pantry.xcodeproj')
    cd /Users/runner/work/Super-Chef/Super-Chef/App
    /Applications/Xcode_16.4.app/Contents/Developer/usr/bin/actool /Users/runner/work/Super-Chef/Super-Chef/App/Pantry/Assets.xcassets --compile /Users/runner/work/Super-Chef/Super-Chef/build/Build/Intermediates.noindex/Pantry.build/Debug-iphonesimulator/Pantry.build/assetcatalog_output/thinned --output-format human-readable-text --notices --warnings --export-dependency-info /Users/runner/work/Super-Chef/Super-Chef/build/Build/Intermediates.noindex/Pantry.build/Debug-iphonesimulator/Pantry.build/assetcatalog_dependencies_thinned --output-partial-info-plist /Users/runner/work/Super-Chef/Super-Chef/build/Build/Intermediates.noindex/Pantry.build/Debug-iphonesimulator/Pantry.build/assetcatalog_generated_info.plist_thinned --app-icon AppIcon --accent-color AccentColor --compress-pngs --enable-on-demand-resources YES --development-region en --target-device iphone --minimum-deployment-target 17.0 --platform iphonesimulator
/* com.apple.actool.compilation-results */
/Users/runner/work/Super-Chef/Super-Chef/build/Build/Intermediates.noindex/Pantry.build/Debug-iphonesimulator/Pantry.build/assetcatalog_generated_info.plist_thinned
/Users/runner/work/Super-Chef/Super-Chef/build/Build/Intermediates.noindex/Pantry.build/Debug-iphonesimulator/Pantry.build/assetcatalog_output/thinned/Assets.car


SwiftDriverJobDiscovery normal x86_64 Compiling SessionController.swift, SessionSummaryView.swift, SoundPlayer.swift, WokScene.swift (in target 'PantryUI' from project 'Pantry' at path '/Users/runner/work/Super-Chef/Super-Chef/Package.swift')

SwiftDriver Pantry normal x86_64 com.apple.xcode.tools.swift.compiler (in target 'Pantry' from project 'Pantry' at path '/Users/runner/work/Super-Chef/Super-Chef/App/Pantry.xcodeproj')
    cd /Users/runner/work/Super-Chef/Super-Chef/App
    builtin-SwiftDriver -- /Applications/Xcode_16.4.app/Contents/Developer/Toolchains/XcodeDefault.xctoolchain/usr/bin/swiftc -module-name Pantry -Onone -enforce-exclusivity\=checked @/Users/runner/work/Super-Chef/Super-Chef/build/Build/Intermediates.noindex/Pantry.build/Debug-iphonesimulator/Pantry.build/Objects-normal/x86_64/Pantry.SwiftFileList -DDEBUG -enable-bare-slash-regex -enable-experimental-feature DebugDescriptionMacro -sdk /Applications/Xcode_16.4.app/Contents/Developer/Platforms/iPhoneSimulator.platform/Developer/SDKs/iPhoneSimulator18.5.sdk -target x86_64-apple-ios17.0-simulator -g -module-cache-path /Users/runner/work/Super-Chef/Super-Chef/build/ModuleCache.noindex -Xfrontend -serialize-debugging-options -enable-testing -index-store-path /Users/runner/work/Super-Chef/Super-Chef/build/Index.noindex/DataStore -swift-version 5 -I /Users/runner/work/Super-Chef/Super-Chef/build/Build/Products/Debug-iphonesimulator -F /Users/runner/work/Super-Chef/Super-Chef/build/Build/Products/Debug-iphonesimulator/PackageFrameworks -F /Users/runner/work/Super-Chef/Super-Chef/build/Build/Products/Debug-iphonesimulator/PackageFrameworks -F /Users/runner/work/Super-Chef/Super-Chef/build/Build/Products/Debug-iphonesimulator/PackageFrameworks -F /Users/runner/work/Super-Chef/Super-Chef/build/Build/Products/Debug-iphonesimulator -emit-localized-strings -emit-localized-strings-path /Users/runner/work/Super-Chef/Super-Chef/build/Build/Intermediates.noindex/Pantry.build/Debug-iphonesimulator/Pantry.build/Objects-normal/x86_64 -c -j3 -enable-batch-mode -incremental -Xcc -ivfsstatcache -Xcc /Users/runner/work/Super-Chef/Super-Chef/build/SDKStatCaches.noindex/iphonesimulator18.5-22F76-96ae0914227b19deccb34b33ba7b5dea.sdkstatcache -output-file-map /Users/runner/work/Super-Chef/Super-Chef/build/Build/Intermediates.noindex/Pantry.build/Debug-iphonesimulator/Pantry.build/Objects-normal/x86_64/Pantry-OutputFileMap.json -use-frontend-parseable-output -save-temps -no-color-diagnostics -serialize-diagnostics -emit-dependencies -emit-module -emit-module-path /Users/runner/work/Super-Chef/Super-Chef/build/Build/Intermediates.noindex/Pantry.build/Debug-iphonesimulator/Pantry.build/Objects-normal/x86_64/Pantry.swiftmodule -validate-clang-modules-once -clang-build-session-file /Users/runner/work/Super-Chef/Super-Chef/build/ModuleCache.noindex/Session.modulevalidation -Xcc -I/Users/runner/work/Super-Chef/Super-Chef/build/Build/Intermediates.noindex/Pantry.build/Debug-iphonesimulator/Pantry.build/swift-overrides.hmap -emit-const-values -Xfrontend -const-gather-protocols-file -Xfrontend /Users/runner/work/Super-Chef/Super-Chef/build/Build/Intermediates.noindex/Pantry.build/Debug-iphonesimulator/Pantry.build/Objects-normal/x86_64/Pantry_const_extract_protocols.json -Xcc -iquote -Xcc /Users/runner/work/Super-Chef/Super-Chef/build/Build/Intermediates.noindex/Pantry.build/Debug-iphonesimulator/Pantry.build/Pantry-generated-files.hmap -Xcc -I/Users/runner/work/Super-Chef/Super-Chef/build/Build/Intermediates.noindex/Pantry.build/Debug-iphonesimulator/Pantry.build/Pantry-own-target-headers.hmap -Xcc -I/Users/runner/work/Super-Chef/Super-Chef/build/Build/Intermediates.noindex/Pantry.build/Debug-iphonesimulator/Pantry.build/Pantry-all-non-framework-target-headers.hmap -Xcc -ivfsoverlay -Xcc /Users/runner/work/Super-Chef/Super-Chef/build/Build/Intermediates.noindex/Pantry.build/Debug-iphonesimulator/Pantry-c9fb38ddeae11554ad9454571f8ea7aa-VFS-iphonesimulator/all-product-headers.yaml -Xcc -iquote -Xcc /Users/runner/work/Super-Chef/Super-Chef/build/Build/Intermediates.noindex/Pantry.build/Debug-iphonesimulator/Pantry.build/Pantry-project-headers.hmap -Xcc -I/Users/runner/work/Super-Chef/Super-Chef/build/Build/Products/Debug-iphonesimulator/include -Xcc -I/Users/runner/work/Super-Chef/Super-Chef/build/Build/Intermediates.noindex/Pantry.build/Debug-iphonesimulator/Pantry.build/DerivedSources-normal/x86_64 -Xcc -I/Users/runner/work/Super-Chef/Super-Chef/build/Build/Intermediates.noindex/Pantry.build/Debug-iphonesimulator/Pantry.build/DerivedSources/x86_64 -Xcc -I/Users/runner/work/Super-Chef/Super-Chef/build/Build/Intermediates.noindex/Pantry.build/Debug-iphonesimulator/Pantry.build/DerivedSources -emit-objc-header -emit-objc-header-path /Users/runner/work/Super-Chef/Super-Chef/build/Build/Intermediates.noindex/Pantry.build/Debug-iphonesimulator/Pantry.build/Objects-normal/x86_64/Pantry-Swift.h -working-directory /Users/runner/work/Super-Chef/Super-Chef/App -experimental-emit-module-separately -disable-cmo

SwiftDriver Pantry normal arm64 com.apple.xcode.tools.swift.compiler (in target 'Pantry' from project 'Pantry' at path '/Users/runner/work/Super-Chef/Super-Chef/App/Pantry.xcodeproj')
    cd /Users/runner/work/Super-Chef/Super-Chef/App
    builtin-SwiftDriver -- /Applications/Xcode_16.4.app/Contents/Developer/Toolchains/XcodeDefault.xctoolchain/usr/bin/swiftc -module-name Pantry -Onone -enforce-exclusivity\=checked @/Users/runner/work/Super-Chef/Super-Chef/build/Build/Intermediates.noindex/Pantry.build/Debug-iphonesimulator/Pantry.build/Objects-normal/arm64/Pantry.SwiftFileList -DDEBUG -enable-bare-slash-regex -enable-experimental-feature DebugDescriptionMacro -sdk /Applications/Xcode_16.4.app/Contents/Developer/Platforms/iPhoneSimulator.platform/Developer/SDKs/iPhoneSimulator18.5.sdk -target arm64-apple-ios17.0-simulator -g -module-cache-path /Users/runner/work/Super-Chef/Super-Chef/build/ModuleCache.noindex -Xfrontend -serialize-debugging-options -enable-testing -index-store-path /Users/runner/work/Super-Chef/Super-Chef/build/Index.noindex/DataStore -swift-version 5 -I /Users/runner/work/Super-Chef/Super-Chef/build/Build/Products/Debug-iphonesimulator -F /Users/runner/work/Super-Chef/Super-Chef/build/Build/Products/Debug-iphonesimulator/PackageFrameworks -F /Users/runner/work/Super-Chef/Super-Chef/build/Build/Products/Debug-iphonesimulator/PackageFrameworks -F /Users/runner/work/Super-Chef/Super-Chef/build/Build/Products/Debug-iphonesimulator/PackageFrameworks -F /Users/runner/work/Super-Chef/Super-Chef/build/Build/Products/Debug-iphonesimulator -emit-localized-strings -emit-localized-strings-path /Users/runner/work/Super-Chef/Super-Chef/build/Build/Intermediates.noindex/Pantry.build/Debug-iphonesimulator/Pantry.build/Objects-normal/arm64 -c -j3 -enable-batch-mode -incremental -Xcc -ivfsstatcache -Xcc /Users/runner/work/Super-Chef/Super-Chef/build/SDKStatCaches.noindex/iphonesimulator18.5-22F76-96ae0914227b19deccb34b33ba7b5dea.sdkstatcache -output-file-map /Users/runner/work/Super-Chef/Super-Chef/build/Build/Intermediates.noindex/Pantry.build/Debug-iphonesimulator/Pantry.build/Objects-normal/arm64/Pantry-OutputFileMap.json -use-frontend-parseable-output -save-temps -no-color-diagnostics -serialize-diagnostics -emit-dependencies -emit-module -emit-module-path /Users/runner/work/Super-Chef/Super-Chef/build/Build/Intermediates.noindex/Pantry.build/Debug-iphonesimulator/Pantry.build/Objects-normal/arm64/Pantry.swiftmodule -validate-clang-modules-once -clang-build-session-file /Users/runner/work/Super-Chef/Super-Chef/build/ModuleCache.noindex/Session.modulevalidation -Xcc -I/Users/runner/work/Super-Chef/Super-Chef/build/Build/Intermediates.noindex/Pantry.build/Debug-iphonesimulator/Pantry.build/swift-overrides.hmap -emit-const-values -Xfrontend -const-gather-protocols-file -Xfrontend /Users/runner/work/Super-Chef/Super-Chef/build/Build/Intermediates.noindex/Pantry.build/Debug-iphonesimulator/Pantry.build/Objects-normal/arm64/Pantry_const_extract_protocols.json -Xcc -iquote -Xcc /Users/runner/work/Super-Chef/Super-Chef/build/Build/Intermediates.noindex/Pantry.build/Debug-iphonesimulator/Pantry.build/Pantry-generated-files.hmap -Xcc -I/Users/runner/work/Super-Chef/Super-Chef/build/Build/Intermediates.noindex/Pantry.build/Debug-iphonesimulator/Pantry.build/Pantry-own-target-headers.hmap -Xcc -I/Users/runner/work/Super-Chef/Super-Chef/build/Build/Intermediates.noindex/Pantry.build/Debug-iphonesimulator/Pantry.build/Pantry-all-non-framework-target-headers.hmap -Xcc -ivfsoverlay -Xcc /Users/runner/work/Super-Chef/Super-Chef/build/Build/Intermediates.noindex/Pantry.build/Debug-iphonesimulator/Pantry-c9fb38ddeae11554ad9454571f8ea7aa-VFS-iphonesimulator/all-product-headers.yaml -Xcc -iquote -Xcc /Users/runner/work/Super-Chef/Super-Chef/build/Build/Intermediates.noindex/Pantry.build/Debug-iphonesimulator/Pantry.build/Pantry-project-headers.hmap -Xcc -I/Users/runner/work/Super-Chef/Super-Chef/build/Build/Products/Debug-iphonesimulator/include -Xcc -I/Users/runner/work/Super-Chef/Super-Chef/build/Build/Intermediates.noindex/Pantry.build/Debug-iphonesimulator/Pantry.build/DerivedSources-normal/arm64 -Xcc -I/Users/runner/work/Super-Chef/Super-Chef/build/Build/Intermediates.noindex/Pantry.build/Debug-iphonesimulator/Pantry.build/DerivedSources/arm64 -Xcc -I/Users/runner/work/Super-Chef/Super-Chef/build/Build/Intermediates.noindex/Pantry.build/Debug-iphonesimulator/Pantry.build/DerivedSources -emit-objc-header -emit-objc-header-path /Users/runner/work/Super-Chef/Super-Chef/build/Build/Intermediates.noindex/Pantry.build/Debug-iphonesimulator/Pantry.build/Objects-normal/arm64/Pantry-Swift.h -working-directory /Users/runner/work/Super-Chef/Super-Chef/App -experimental-emit-module-separately -disable-cmo

SwiftEmitModule normal x86_64 Emitting\ module\ for\ Pantry (in target 'Pantry' from project 'Pantry' at path '/Users/runner/work/Super-Chef/Super-Chef/App/Pantry.xcodeproj')

EmitSwiftModule normal x86_64 (in target 'Pantry' from project 'Pantry' at path '/Users/runner/work/Super-Chef/Super-Chef/App/Pantry.xcodeproj')
    cd /Users/runner/work/Super-Chef/Super-Chef/App
    

SwiftEmitModule normal arm64 Emitting\ module\ for\ Pantry (in target 'Pantry' from project 'Pantry' at path '/Users/runner/work/Super-Chef/Super-Chef/App/Pantry.xcodeproj')

EmitSwiftModule normal arm64 (in target 'Pantry' from project 'Pantry' at path '/Users/runner/work/Super-Chef/Super-Chef/App/Pantry.xcodeproj')
    cd /Users/runner/work/Super-Chef/Super-Chef/App
    

SwiftDriverJobDiscovery normal x86_64 Emitting module for Pantry (in target 'Pantry' from project 'Pantry' at path '/Users/runner/work/Super-Chef/Super-Chef/App/Pantry.xcodeproj')

SwiftDriver\ Compilation\ Requirements Pantry normal x86_64 com.apple.xcode.tools.swift.compiler (in target 'Pantry' from project 'Pantry' at path '/Users/runner/work/Super-Chef/Super-Chef/App/Pantry.xcodeproj')
    cd /Users/runner/work/Super-Chef/Super-Chef/App
    builtin-Swift-Compilation-Requirements -- /Applications/Xcode_16.4.app/Contents/Developer/Toolchains/XcodeDefault.xctoolchain/usr/bin/swiftc -module-name Pantry -Onone -enforce-exclusivity\=checked @/Users/runner/work/Super-Chef/Super-Chef/build/Build/Intermediates.noindex/Pantry.build/Debug-iphonesimulator/Pantry.build/Objects-normal/x86_64/Pantry.SwiftFileList -DDEBUG -enable-bare-slash-regex -enable-experimental-feature DebugDescriptionMacro -sdk /Applications/Xcode_16.4.app/Contents/Developer/Platforms/iPhoneSimulator.platform/Developer/SDKs/iPhoneSimulator18.5.sdk -target x86_64-apple-ios17.0-simulator -g -module-cache-path /Users/runner/work/Super-Chef/Super-Chef/build/ModuleCache.noindex -Xfrontend -serialize-debugging-options -enable-testing -index-store-path /Users/runner/work/Super-Chef/Super-Chef/build/Index.noindex/DataStore -swift-version 5 -I /Users/runner/work/Super-Chef/Super-Chef/build/Build/Products/Debug-iphonesimulator -F /Users/runner/work/Super-Chef/Super-Chef/build/Build/Products/Debug-iphonesimulator/PackageFrameworks -F /Users/runner/work/Super-Chef/Super-Chef/build/Build/Products/Debug-iphonesimulator/PackageFrameworks -F /Users/runner/work/Super-Chef/Super-Chef/build/Build/Products/Debug-iphonesimulator/PackageFrameworks -F /Users/runner/work/Super-Chef/Super-Chef/build/Build/Products/Debug-iphonesimulator -emit-localized-strings -emit-localized-strings-path /Users/runner/work/Super-Chef/Super-Chef/build/Build/Intermediates.noindex/Pantry.build/Debug-iphonesimulator/Pantry.build/Objects-normal/x86_64 -c -j3 -enable-batch-mode -incremental -Xcc -ivfsstatcache -Xcc /Users/runner/work/Super-Chef/Super-Chef/build/SDKStatCaches.noindex/iphonesimulator18.5-22F76-96ae0914227b19deccb34b33ba7b5dea.sdkstatcache -output-file-map /Users/runner/work/Super-Chef/Super-Chef/build/Build/Intermediates.noindex/Pantry.build/Debug-iphonesimulator/Pantry.build/Objects-normal/x86_64/Pantry-OutputFileMap.json -use-frontend-parseable-output -save-temps -no-color-diagnostics -serialize-diagnostics -emit-dependencies -emit-module -emit-module-path /Users/runner/work/Super-Chef/Super-Chef/build/Build/Intermediates.noindex/Pantry.build/Debug-iphonesimulator/Pantry.build/Objects-normal/x86_64/Pantry.swiftmodule -validate-clang-modules-once -clang-build-session-file /Users/runner/work/Super-Chef/Super-Chef/build/ModuleCache.noindex/Session.modulevalidation -Xcc -I/Users/runner/work/Super-Chef/Super-Chef/build/Build/Intermediates.noindex/Pantry.build/Debug-iphonesimulator/Pantry.build/swift-overrides.hmap -emit-const-values -Xfrontend -const-gather-protocols-file -Xfrontend /Users/runner/work/Super-Chef/Super-Chef/build/Build/Intermediates.noindex/Pantry.build/Debug-iphonesimulator/Pantry.build/Objects-normal/x86_64/Pantry_const_extract_protocols.json -Xcc -iquote -Xcc /Users/runner/work/Super-Chef/Super-Chef/build/Build/Intermediates.noindex/Pantry.build/Debug-iphonesimulator/Pantry.build/Pantry-generated-files.hmap -Xcc -I/Users/runner/work/Super-Chef/Super-Chef/build/Build/Intermediates.noindex/Pantry.build/Debug-iphonesimulator/Pantry.build/Pantry-own-target-headers.hmap -Xcc -I/Users/runner/work/Super-Chef/Super-Chef/build/Build/Intermediates.noindex/Pantry.build/Debug-iphonesimulator/Pantry.build/Pantry-all-non-framework-target-headers.hmap -Xcc -ivfsoverlay -Xcc /Users/runner/work/Super-Chef/Super-Chef/build/Build/Intermediates.noindex/Pantry.build/Debug-iphonesimulator/Pantry-c9fb38ddeae11554ad9454571f8ea7aa-VFS-iphonesimulator/all-product-headers.yaml -Xcc -iquote -Xcc /Users/runner/work/Super-Chef/Super-Chef/build/Build/Intermediates.noindex/Pantry.build/Debug-iphonesimulator/Pantry.build/Pantry-project-headers.hmap -Xcc -I/Users/runner/work/Super-Chef/Super-Chef/build/Build/Products/Debug-iphonesimulator/include -Xcc -I/Users/runner/work/Super-Chef/Super-Chef/build/Build/Intermediates.noindex/Pantry.build/Debug-iphonesimulator/Pantry.build/DerivedSources-normal/x86_64 -Xcc -I/Users/runner/work/Super-Chef/Super-Chef/build/Build/Intermediates.noindex/Pantry.build/Debug-iphonesimulator/Pantry.build/DerivedSources/x86_64 -Xcc -I/Users/runner/work/Super-Chef/Super-Chef/build/Build/Intermediates.noindex/Pantry.build/Debug-iphonesimulator/Pantry.build/DerivedSources -emit-objc-header -emit-objc-header-path /Users/runner/work/Super-Chef/Super-Chef/build/Build/Intermediates.noindex/Pantry.build/Debug-iphonesimulator/Pantry.build/Objects-normal/x86_64/Pantry-Swift.h -working-directory /Users/runner/work/Super-Chef/Super-Chef/App -experimental-emit-module-separately -disable-cmo

RegisterExecutionPolicyException /Users/runner/work/Super-Chef/Super-Chef/build/Build/Products/Debug-iphonesimulator/PantryScoring.o (in target 'PantryScoring' from project 'Pantry' at path '/Users/runner/work/Super-Chef/Super-Chef/Package.swift')
    cd /Users/runner/work/Super-Chef/Super-Chef
    builtin-RegisterExecutionPolicyException /Users/runner/work/Super-Chef/Super-Chef/build/Build/Products/Debug-iphonesimulator/PantryScoring.o

Copy /Users/runner/work/Super-Chef/Super-Chef/build/Build/Products/Debug-iphonesimulator/Pantry.swiftmodule/x86_64-apple-ios-simulator.swiftmodule /Users/runner/work/Super-Chef/Super-Chef/build/Build/Intermediates.noindex/Pantry.build/Debug-iphonesimulator/Pantry.build/Objects-normal/x86_64/Pantry.swiftmodule (in target 'Pantry' from project 'Pantry' at path '/Users/runner/work/Super-Chef/Super-Chef/App/Pantry.xcodeproj')
    cd /Users/runner/work/Super-Chef/Super-Chef/App
    builtin-copy -exclude .DS_Store -exclude CVS -exclude .svn -exclude .git -exclude .hg -resolve-src-symlinks -rename /Users/runner/work/Super-Chef/Super-Chef/build/Build/Intermediates.noindex/Pantry.build/Debug-iphonesimulator/Pantry.build/Objects-normal/x86_64/Pantry.swiftmodule /Users/runner/work/Super-Chef/Super-Chef/build/Build/Products/Debug-iphonesimulator/Pantry.swiftmodule/x86_64-apple-ios-simulator.swiftmodule

Copy /Users/runner/work/Super-Chef/Super-Chef/build/Build/Products/Debug-iphonesimulator/Pantry.swiftmodule/x86_64-apple-ios-simulator.swiftdoc /Users/runner/work/Super-Chef/Super-Chef/build/Build/Intermediates.noindex/Pantry.build/Debug-iphonesimulator/Pantry.build/Objects-normal/x86_64/Pantry.swiftdoc (in target 'Pantry' from project 'Pantry' at path '/Users/runner/work/Super-Chef/Super-Chef/App/Pantry.xcodeproj')
    cd /Users/runner/work/Super-Chef/Super-Chef/App
    builtin-copy -exclude .DS_Store -exclude CVS -exclude .svn -exclude .git -exclude .hg -resolve-src-symlinks -rename /Users/runner/work/Super-Chef/Super-Chef/build/Build/Intermediates.noindex/Pantry.build/Debug-iphonesimulator/Pantry.build/Objects-normal/x86_64/Pantry.swiftdoc /Users/runner/work/Super-Chef/Super-Chef/build/Build/Products/Debug-iphonesimulator/Pantry.swiftmodule/x86_64-apple-ios-simulator.swiftdoc

Copy /Users/runner/work/Super-Chef/Super-Chef/build/Build/Products/Debug-iphonesimulator/Pantry.swiftmodule/x86_64-apple-ios-simulator.abi.json /Users/runner/work/Super-Chef/Super-Chef/build/Build/Intermediates.noindex/Pantry.build/Debug-iphonesimulator/Pantry.build/Objects-normal/x86_64/Pantry.abi.json (in target 'Pantry' from project 'Pantry' at path '/Users/runner/work/Super-Chef/Super-Chef/App/Pantry.xcodeproj')
    cd /Users/runner/work/Super-Chef/Super-Chef/App
    builtin-copy -exclude .DS_Store -exclude CVS -exclude .svn -exclude .git -exclude .hg -resolve-src-symlinks -rename /Users/runner/work/Super-Chef/Super-Chef/build/Build/Intermediates.noindex/Pantry.build/Debug-iphonesimulator/Pantry.build/Objects-normal/x86_64/Pantry.abi.json /Users/runner/work/Super-Chef/Super-Chef/build/Build/Products/Debug-iphonesimulator/Pantry.swiftmodule/x86_64-apple-ios-simulator.abi.json

Copy /Users/runner/work/Super-Chef/Super-Chef/build/Build/Products/Debug-iphonesimulator/Pantry.swiftmodule/Project/x86_64-apple-ios-simulator.swiftsourceinfo /Users/runner/work/Super-Chef/Super-Chef/build/Build/Intermediates.noindex/Pantry.build/Debug-iphonesimulator/Pantry.build/Objects-normal/x86_64/Pantry.swiftsourceinfo (in target 'Pantry' from project 'Pantry' at path '/Users/runner/work/Super-Chef/Super-Chef/App/Pantry.xcodeproj')
    cd /Users/runner/work/Super-Chef/Super-Chef/App
    builtin-copy -exclude .DS_Store -exclude CVS -exclude .svn -exclude .git -exclude .hg -resolve-src-symlinks -rename /Users/runner/work/Super-Chef/Super-Chef/build/Build/Intermediates.noindex/Pantry.build/Debug-iphonesimulator/Pantry.build/Objects-normal/x86_64/Pantry.swiftsourceinfo /Users/runner/work/Super-Chef/Super-Chef/build/Build/Products/Debug-iphonesimulator/Pantry.swiftmodule/Project/x86_64-apple-ios-simulator.swiftsourceinfo

LinkAssetCatalog /Users/runner/work/Super-Chef/Super-Chef/App/Pantry/Assets.xcassets (in target 'Pantry' from project 'Pantry' at path '/Users/runner/work/Super-Chef/Super-Chef/App/Pantry.xcodeproj')
    cd /Users/runner/work/Super-Chef/Super-Chef/App
    builtin-linkAssetCatalog --thinned /Users/runner/work/Super-Chef/Super-Chef/build/Build/Intermediates.noindex/Pantry.build/Debug-iphonesimulator/Pantry.build/assetcatalog_output/thinned --thinned-dependencies /Users/runner/work/Super-Chef/Super-Chef/build/Build/Intermediates.noindex/Pantry.build/Debug-iphonesimulator/Pantry.build/assetcatalog_dependencies_thinned --thinned-info-plist-content /Users/runner/work/Super-Chef/Super-Chef/build/Build/Intermediates.noindex/Pantry.build/Debug-iphonesimulator/Pantry.build/assetcatalog_generated_info.plist_thinned --unthinned /Users/runner/work/Super-Chef/Super-Chef/build/Build/Intermediates.noindex/Pantry.build/Debug-iphonesimulator/Pantry.build/assetcatalog_output/unthinned --unthinned-dependencies /Users/runner/work/Super-Chef/Super-Chef/build/Build/Intermediates.noindex/Pantry.build/Debug-iphonesimulator/Pantry.build/assetcatalog_dependencies_unthinned --unthinned-info-plist-content /Users/runner/work/Super-Chef/Super-Chef/build/Build/Intermediates.noindex/Pantry.build/Debug-iphonesimulator/Pantry.build/assetcatalog_generated_info.plist_unthinned --output /Users/runner/work/Super-Chef/Super-Chef/build/Build/Products/Debug-iphonesimulator/Pantry.app --plist-output /Users/runner/work/Super-Chef/Super-Chef/build/Build/Intermediates.noindex/Pantry.build/Debug-iphonesimulator/Pantry.build/assetcatalog_generated_info.plist
note: Emplaced /Users/runner/work/Super-Chef/Super-Chef/build/Build/Products/Debug-iphonesimulator/Pantry.app/Assets.car (in target 'Pantry' from project 'Pantry' at path '/Users/runner/work/Super-Chef/Super-Chef/App/Pantry.xcodeproj')

SwiftCompile normal x86_64 Compiling\ GeneratedAssetSymbols.swift /Users/runner/work/Super-Chef/Super-Chef/build/Build/Intermediates.noindex/Pantry.build/Debug-iphonesimulator/Pantry.build/DerivedSources/GeneratedAssetSymbols.swift (in target 'Pantry' from project 'Pantry' at path '/Users/runner/work/Super-Chef/Super-Chef/App/Pantry.xcodeproj')

SwiftCompile normal x86_64 /Users/runner/work/Super-Chef/Super-Chef/build/Build/Intermediates.noindex/Pantry.build/Debug-iphonesimulator/Pantry.build/DerivedSources/GeneratedAssetSymbols.swift (in target 'Pantry' from project 'Pantry' at path '/Users/runner/work/Super-Chef/Super-Chef/App/Pantry.xcodeproj')
    cd /Users/runner/work/Super-Chef/Super-Chef/App
    

SwiftCompile normal x86_64 Compiling\ PantryApp.swift /Users/runner/work/Super-Chef/Super-Chef/App/Pantry/PantryApp.swift (in target 'Pantry' from project 'Pantry' at path '/Users/runner/work/Super-Chef/Super-Chef/App/Pantry.xcodeproj')

SwiftCompile normal x86_64 /Users/runner/work/Super-Chef/Super-Chef/App/Pantry/PantryApp.swift (in target 'Pantry' from project 'Pantry' at path '/Users/runner/work/Super-Chef/Super-Chef/App/Pantry.xcodeproj')
    cd /Users/runner/work/Super-Chef/Super-Chef/App
    

SwiftDriverJobDiscovery normal x86_64 Compiling GeneratedAssetSymbols.swift (in target 'Pantry' from project 'Pantry' at path '/Users/runner/work/Super-Chef/Super-Chef/App/Pantry.xcodeproj')

SwiftCompile normal arm64 Compiling\ PantryApp.swift /Users/runner/work/Super-Chef/Super-Chef/App/Pantry/PantryApp.swift (in target 'Pantry' from project 'Pantry' at path '/Users/runner/work/Super-Chef/Super-Chef/App/Pantry.xcodeproj')

SwiftCompile normal arm64 /Users/runner/work/Super-Chef/Super-Chef/App/Pantry/PantryApp.swift (in target 'Pantry' from project 'Pantry' at path '/Users/runner/work/Super-Chef/Super-Chef/App/Pantry.xcodeproj')
    cd /Users/runner/work/Super-Chef/Super-Chef/App
    

SwiftDriverJobDiscovery normal x86_64 Compiling PantryApp.swift (in target 'Pantry' from project 'Pantry' at path '/Users/runner/work/Super-Chef/Super-Chef/App/Pantry.xcodeproj')

SwiftDriver\ Compilation Pantry normal x86_64 com.apple.xcode.tools.swift.compiler (in target 'Pantry' from project 'Pantry' at path '/Users/runner/work/Super-Chef/Super-Chef/App/Pantry.xcodeproj')
    cd /Users/runner/work/Super-Chef/Super-Chef/App
    builtin-Swift-Compilation -- /Applications/Xcode_16.4.app/Contents/Developer/Toolchains/XcodeDefault.xctoolchain/usr/bin/swiftc -module-name Pantry -Onone -enforce-exclusivity\=checked @/Users/runner/work/Super-Chef/Super-Chef/build/Build/Intermediates.noindex/Pantry.build/Debug-iphonesimulator/Pantry.build/Objects-normal/x86_64/Pantry.SwiftFileList -DDEBUG -enable-bare-slash-regex -enable-experimental-feature DebugDescriptionMacro -sdk /Applications/Xcode_16.4.app/Contents/Developer/Platforms/iPhoneSimulator.platform/Developer/SDKs/iPhoneSimulator18.5.sdk -target x86_64-apple-ios17.0-simulator -g -module-cache-path /Users/runner/work/Super-Chef/Super-Chef/build/ModuleCache.noindex -Xfrontend -serialize-debugging-options -enable-testing -index-store-path /Users/runner/work/Super-Chef/Super-Chef/build/Index.noindex/DataStore -swift-version 5 -I /Users/runner/work/Super-Chef/Super-Chef/build/Build/Products/Debug-iphonesimulator -F /Users/runner/work/Super-Chef/Super-Chef/build/Build/Products/Debug-iphonesimulator/PackageFrameworks -F /Users/runner/work/Super-Chef/Super-Chef/build/Build/Products/Debug-iphonesimulator/PackageFrameworks -F /Users/runner/work/Super-Chef/Super-Chef/build/Build/Products/Debug-iphonesimulator/PackageFrameworks -F /Users/runner/work/Super-Chef/Super-Chef/build/Build/Products/Debug-iphonesimulator -emit-localized-strings -emit-localized-strings-path /Users/runner/work/Super-Chef/Super-Chef/build/Build/Intermediates.noindex/Pantry.build/Debug-iphonesimulator/Pantry.build/Objects-normal/x86_64 -c -j3 -enable-batch-mode -incremental -Xcc -ivfsstatcache -Xcc /Users/runner/work/Super-Chef/Super-Chef/build/SDKStatCaches.noindex/iphonesimulator18.5-22F76-96ae0914227b19deccb34b33ba7b5dea.sdkstatcache -output-file-map /Users/runner/work/Super-Chef/Super-Chef/build/Build/Intermediates.noindex/Pantry.build/Debug-iphonesimulator/Pantry.build/Objects-normal/x86_64/Pantry-OutputFileMap.json -use-frontend-parseable-output -save-temps -no-color-diagnostics -serialize-diagnostics -emit-dependencies -emit-module -emit-module-path /Users/runner/work/Super-Chef/Super-Chef/build/Build/Intermediates.noindex/Pantry.build/Debug-iphonesimulator/Pantry.build/Objects-normal/x86_64/Pantry.swiftmodule -validate-clang-modules-once -clang-build-session-file /Users/runner/work/Super-Chef/Super-Chef/build/ModuleCache.noindex/Session.modulevalidation -Xcc -I/Users/runner/work/Super-Chef/Super-Chef/build/Build/Intermediates.noindex/Pantry.build/Debug-iphonesimulator/Pantry.build/swift-overrides.hmap -emit-const-values -Xfrontend -const-gather-protocols-file -Xfrontend /Users/runner/work/Super-Chef/Super-Chef/build/Build/Intermediates.noindex/Pantry.build/Debug-iphonesimulator/Pantry.build/Objects-normal/x86_64/Pantry_const_extract_protocols.json -Xcc -iquote -Xcc /Users/runner/work/Super-Chef/Super-Chef/build/Build/Intermediates.noindex/Pantry.build/Debug-iphonesimulator/Pantry.build/Pantry-generated-files.hmap -Xcc -I/Users/runner/work/Super-Chef/Super-Chef/build/Build/Intermediates.noindex/Pantry.build/Debug-iphonesimulator/Pantry.build/Pantry-own-target-headers.hmap -Xcc -I/Users/runner/work/Super-Chef/Super-Chef/build/Build/Intermediates.noindex/Pantry.build/Debug-iphonesimulator/Pantry.build/Pantry-all-non-framework-target-headers.hmap -Xcc -ivfsoverlay -Xcc /Users/runner/work/Super-Chef/Super-Chef/build/Build/Intermediates.noindex/Pantry.build/Debug-iphonesimulator/Pantry-c9fb38ddeae11554ad9454571f8ea7aa-VFS-iphonesimulator/all-product-headers.yaml -Xcc -iquote -Xcc /Users/runner/work/Super-Chef/Super-Chef/build/Build/Intermediates.noindex/Pantry.build/Debug-iphonesimulator/Pantry.build/Pantry-project-headers.hmap -Xcc -I/Users/runner/work/Super-Chef/Super-Chef/build/Build/Products/Debug-iphonesimulator/include -Xcc -I/Users/runner/work/Super-Chef/Super-Chef/build/Build/Intermediates.noindex/Pantry.build/Debug-iphonesimulator/Pantry.build/DerivedSources-normal/x86_64 -Xcc -I/Users/runner/work/Super-Chef/Super-Chef/build/Build/Intermediates.noindex/Pantry.build/Debug-iphonesimulator/Pantry.build/DerivedSources/x86_64 -Xcc -I/Users/runner/work/Super-Chef/Super-Chef/build/Build/Intermediates.noindex/Pantry.build/Debug-iphonesimulator/Pantry.build/DerivedSources -emit-objc-header -emit-objc-header-path /Users/runner/work/Super-Chef/Super-Chef/build/Build/Intermediates.noindex/Pantry.build/Debug-iphonesimulator/Pantry.build/Objects-normal/x86_64/Pantry-Swift.h -working-directory /Users/runner/work/Super-Chef/Super-Chef/App -experimental-emit-module-separately -disable-cmo

SwiftDriverJobDiscovery normal arm64 Emitting module for Pantry (in target 'Pantry' from project 'Pantry' at path '/Users/runner/work/Super-Chef/Super-Chef/App/Pantry.xcodeproj')

SwiftCompile normal arm64 Compiling\ GeneratedAssetSymbols.swift /Users/runner/work/Super-Chef/Super-Chef/build/Build/Intermediates.noindex/Pantry.build/Debug-iphonesimulator/Pantry.build/DerivedSources/GeneratedAssetSymbols.swift (in target 'Pantry' from project 'Pantry' at path '/Users/runner/work/Super-Chef/Super-Chef/App/Pantry.xcodeproj')

SwiftCompile normal arm64 /Users/runner/work/Super-Chef/Super-Chef/build/Build/Intermediates.noindex/Pantry.build/Debug-iphonesimulator/Pantry.build/DerivedSources/GeneratedAssetSymbols.swift (in target 'Pantry' from project 'Pantry' at path '/Users/runner/work/Super-Chef/Super-Chef/App/Pantry.xcodeproj')
    cd /Users/runner/work/Super-Chef/Super-Chef/App
    

SwiftDriver\ Compilation\ Requirements Pantry normal arm64 com.apple.xcode.tools.swift.compiler (in target 'Pantry' from project 'Pantry' at path '/Users/runner/work/Super-Chef/Super-Chef/App/Pantry.xcodeproj')
    cd /Users/runner/work/Super-Chef/Super-Chef/App
    builtin-Swift-Compilation-Requirements -- /Applications/Xcode_16.4.app/Contents/Developer/Toolchains/XcodeDefault.xctoolchain/usr/bin/swiftc -module-name Pantry -Onone -enforce-exclusivity\=checked @/Users/runner/work/Super-Chef/Super-Chef/build/Build/Intermediates.noindex/Pantry.build/Debug-iphonesimulator/Pantry.build/Objects-normal/arm64/Pantry.SwiftFileList -DDEBUG -enable-bare-slash-regex -enable-experimental-feature DebugDescriptionMacro -sdk /Applications/Xcode_16.4.app/Contents/Developer/Platforms/iPhoneSimulator.platform/Developer/SDKs/iPhoneSimulator18.5.sdk -target arm64-apple-ios17.0-simulator -g -module-cache-path /Users/runner/work/Super-Chef/Super-Chef/build/ModuleCache.noindex -Xfrontend -serialize-debugging-options -enable-testing -index-store-path /Users/runner/work/Super-Chef/Super-Chef/build/Index.noindex/DataStore -swift-version 5 -I /Users/runner/work/Super-Chef/Super-Chef/build/Build/Products/Debug-iphonesimulator -F /Users/runner/work/Super-Chef/Super-Chef/build/Build/Products/Debug-iphonesimulator/PackageFrameworks -F /Users/runner/work/Super-Chef/Super-Chef/build/Build/Products/Debug-iphonesimulator/PackageFrameworks -F /Users/runner/work/Super-Chef/Super-Chef/build/Build/Products/Debug-iphonesimulator/PackageFrameworks -F /Users/runner/work/Super-Chef/Super-Chef/build/Build/Products/Debug-iphonesimulator -emit-localized-strings -emit-localized-strings-path /Users/runner/work/Super-Chef/Super-Chef/build/Build/Intermediates.noindex/Pantry.build/Debug-iphonesimulator/Pantry.build/Objects-normal/arm64 -c -j3 -enable-batch-mode -incremental -Xcc -ivfsstatcache -Xcc /Users/runner/work/Super-Chef/Super-Chef/build/SDKStatCaches.noindex/iphonesimulator18.5-22F76-96ae0914227b19deccb34b33ba7b5dea.sdkstatcache -output-file-map /Users/runner/work/Super-Chef/Super-Chef/build/Build/Intermediates.noindex/Pantry.build/Debug-iphonesimulator/Pantry.build/Objects-normal/arm64/Pantry-OutputFileMap.json -use-frontend-parseable-output -save-temps -no-color-diagnostics -serialize-diagnostics -emit-dependencies -emit-module -emit-module-path /Users/runner/work/Super-Chef/Super-Chef/build/Build/Intermediates.noindex/Pantry.build/Debug-iphonesimulator/Pantry.build/Objects-normal/arm64/Pantry.swiftmodule -validate-clang-modules-once -clang-build-session-file /Users/runner/work/Super-Chef/Super-Chef/build/ModuleCache.noindex/Session.modulevalidation -Xcc -I/Users/runner/work/Super-Chef/Super-Chef/build/Build/Intermediates.noindex/Pantry.build/Debug-iphonesimulator/Pantry.build/swift-overrides.hmap -emit-const-values -Xfrontend -const-gather-protocols-file -Xfrontend /Users/runner/work/Super-Chef/Super-Chef/build/Build/Intermediates.noindex/Pantry.build/Debug-iphonesimulator/Pantry.build/Objects-normal/arm64/Pantry_const_extract_protocols.json -Xcc -iquote -Xcc /Users/runner/work/Super-Chef/Super-Chef/build/Build/Intermediates.noindex/Pantry.build/Debug-iphonesimulator/Pantry.build/Pantry-generated-files.hmap -Xcc -I/Users/runner/work/Super-Chef/Super-Chef/build/Build/Intermediates.noindex/Pantry.build/Debug-iphonesimulator/Pantry.build/Pantry-own-target-headers.hmap -Xcc -I/Users/runner/work/Super-Chef/Super-Chef/build/Build/Intermediates.noindex/Pantry.build/Debug-iphonesimulator/Pantry.build/Pantry-all-non-framework-target-headers.hmap -Xcc -ivfsoverlay -Xcc /Users/runner/work/Super-Chef/Super-Chef/build/Build/Intermediates.noindex/Pantry.build/Debug-iphonesimulator/Pantry-c9fb38ddeae11554ad9454571f8ea7aa-VFS-iphonesimulator/all-product-headers.yaml -Xcc -iquote -Xcc /Users/runner/work/Super-Chef/Super-Chef/build/Build/Intermediates.noindex/Pantry.build/Debug-iphonesimulator/Pantry.build/Pantry-project-headers.hmap -Xcc -I/Users/runner/work/Super-Chef/Super-Chef/build/Build/Products/Debug-iphonesimulator/include -Xcc -I/Users/runner/work/Super-Chef/Super-Chef/build/Build/Intermediates.noindex/Pantry.build/Debug-iphonesimulator/Pantry.build/DerivedSources-normal/arm64 -Xcc -I/Users/runner/work/Super-Chef/Super-Chef/build/Build/Intermediates.noindex/Pantry.build/Debug-iphonesimulator/Pantry.build/DerivedSources/arm64 -Xcc -I/Users/runner/work/Super-Chef/Super-Chef/build/Build/Intermediates.noindex/Pantry.build/Debug-iphonesimulator/Pantry.build/DerivedSources -emit-objc-header -emit-objc-header-path /Users/runner/work/Super-Chef/Super-Chef/build/Build/Intermediates.noindex/Pantry.build/Debug-iphonesimulator/Pantry.build/Objects-normal/arm64/Pantry-Swift.h -working-directory /Users/runner/work/Super-Chef/Super-Chef/App -experimental-emit-module-separately -disable-cmo

SwiftDriverJobDiscovery normal arm64 Compiling PantryApp.swift (in target 'Pantry' from project 'Pantry' at path '/Users/runner/work/Super-Chef/Super-Chef/App/Pantry.xcodeproj')

SwiftMergeGeneratedHeaders /Users/runner/work/Super-Chef/Super-Chef/build/Build/Intermediates.noindex/Pantry.build/Debug-iphonesimulator/Pantry.build/DerivedSources/Pantry-Swift.h /Users/runner/work/Super-Chef/Super-Chef/build/Build/Intermediates.noindex/Pantry.build/Debug-iphonesimulator/Pantry.build/Objects-normal/arm64/Pantry-Swift.h /Users/runner/work/Super-Chef/Super-Chef/build/Build/Intermediates.noindex/Pantry.build/Debug-iphonesimulator/Pantry.build/Objects-normal/x86_64/Pantry-Swift.h (in target 'Pantry' from project 'Pantry' at path '/Users/runner/work/Super-Chef/Super-Chef/App/Pantry.xcodeproj')
    cd /Users/runner/work/Super-Chef/Super-Chef/App
    builtin-swiftHeaderTool -arch arm64 /Users/runner/work/Super-Chef/Super-Chef/build/Build/Intermediates.noindex/Pantry.build/Debug-iphonesimulator/Pantry.build/Objects-normal/arm64/Pantry-Swift.h -arch x86_64 /Users/runner/work/Super-Chef/Super-Chef/build/Build/Intermediates.noindex/Pantry.build/Debug-iphonesimulator/Pantry.build/Objects-normal/x86_64/Pantry-Swift.h -o /Users/runner/work/Super-Chef/Super-Chef/build/Build/Intermediates.noindex/Pantry.build/Debug-iphonesimulator/Pantry.build/DerivedSources/Pantry-Swift.h

Copy /Users/runner/work/Super-Chef/Super-Chef/build/Build/Products/Debug-iphonesimulator/Pantry.swiftmodule/arm64-apple-ios-simulator.swiftmodule /Users/runner/work/Super-Chef/Super-Chef/build/Build/Intermediates.noindex/Pantry.build/Debug-iphonesimulator/Pantry.build/Objects-normal/arm64/Pantry.swiftmodule (in target 'Pantry' from project 'Pantry' at path '/Users/runner/work/Super-Chef/Super-Chef/App/Pantry.xcodeproj')
    cd /Users/runner/work/Super-Chef/Super-Chef/App
    builtin-copy -exclude .DS_Store -exclude CVS -exclude .svn -exclude .git -exclude .hg -resolve-src-symlinks -rename /Users/runner/work/Super-Chef/Super-Chef/build/Build/Intermediates.noindex/Pantry.build/Debug-iphonesimulator/Pantry.build/Objects-normal/arm64/Pantry.swiftmodule /Users/runner/work/Super-Chef/Super-Chef/build/Build/Products/Debug-iphonesimulator/Pantry.swiftmodule/arm64-apple-ios-simulator.swiftmodule

Copy /Users/runner/work/Super-Chef/Super-Chef/build/Build/Products/Debug-iphonesimulator/Pantry.swiftmodule/arm64-apple-ios-simulator.swiftdoc /Users/runner/work/Super-Chef/Super-Chef/build/Build/Intermediates.noindex/Pantry.build/Debug-iphonesimulator/Pantry.build/Objects-normal/arm64/Pantry.swiftdoc (in target 'Pantry' from project 'Pantry' at path '/Users/runner/work/Super-Chef/Super-Chef/App/Pantry.xcodeproj')
    cd /Users/runner/work/Super-Chef/Super-Chef/App
    builtin-copy -exclude .DS_Store -exclude CVS -exclude .svn -exclude .git -exclude .hg -resolve-src-symlinks -rename /Users/runner/work/Super-Chef/Super-Chef/build/Build/Intermediates.noindex/Pantry.build/Debug-iphonesimulator/Pantry.build/Objects-normal/arm64/Pantry.swiftdoc /Users/runner/work/Super-Chef/Super-Chef/build/Build/Products/Debug-iphonesimulator/Pantry.swiftmodule/arm64-apple-ios-simulator.swiftdoc

Copy /Users/runner/work/Super-Chef/Super-Chef/build/Build/Products/Debug-iphonesimulator/Pantry.swiftmodule/arm64-apple-ios-simulator.abi.json /Users/runner/work/Super-Chef/Super-Chef/build/Build/Intermediates.noindex/Pantry.build/Debug-iphonesimulator/Pantry.build/Objects-normal/arm64/Pantry.abi.json (in target 'Pantry' from project 'Pantry' at path '/Users/runner/work/Super-Chef/Super-Chef/App/Pantry.xcodeproj')
    cd /Users/runner/work/Super-Chef/Super-Chef/App
    builtin-copy -exclude .DS_Store -exclude CVS -exclude .svn -exclude .git -exclude .hg -resolve-src-symlinks -rename /Users/runner/work/Super-Chef/Super-Chef/build/Build/Intermediates.noindex/Pantry.build/Debug-iphonesimulator/Pantry.build/Objects-normal/arm64/Pantry.abi.json /Users/runner/work/Super-Chef/Super-Chef/build/Build/Products/Debug-iphonesimulator/Pantry.swiftmodule/arm64-apple-ios-simulator.abi.json

Copy /Users/runner/work/Super-Chef/Super-Chef/build/Build/Products/Debug-iphonesimulator/Pantry.swiftmodule/Project/arm64-apple-ios-simulator.swiftsourceinfo /Users/runner/work/Super-Chef/Super-Chef/build/Build/Intermediates.noindex/Pantry.build/Debug-iphonesimulator/Pantry.build/Objects-normal/arm64/Pantry.swiftsourceinfo (in target 'Pantry' from project 'Pantry' at path '/Users/runner/work/Super-Chef/Super-Chef/App/Pantry.xcodeproj')
    cd /Users/runner/work/Super-Chef/Super-Chef/App
    builtin-copy -exclude .DS_Store -exclude CVS -exclude .svn -exclude .git -exclude .hg -resolve-src-symlinks -rename /Users/runner/work/Super-Chef/Super-Chef/build/Build/Intermediates.noindex/Pantry.build/Debug-iphonesimulator/Pantry.build/Objects-normal/arm64/Pantry.swiftsourceinfo /Users/runner/work/Super-Chef/Super-Chef/build/Build/Products/Debug-iphonesimulator/Pantry.swiftmodule/Project/arm64-apple-ios-simulator.swiftsourceinfo

Ld /Users/runner/work/Super-Chef/Super-Chef/build/Build/Intermediates.noindex/Pantry.build/Debug-iphonesimulator/PantryGame.build/Objects-normal/x86_64/Binary/PantryGame.o normal x86_64 (in target 'PantryGame' from project 'Pantry' at path '/Users/runner/work/Super-Chef/Super-Chef/Package.swift')
    cd /Users/runner/work/Super-Chef/Super-Chef
    /Applications/Xcode_16.4.app/Contents/Developer/Toolchains/XcodeDefault.xctoolchain/usr/bin/clang -Xlinker -reproducible -target x86_64-apple-ios17.0-simulator -r -isysroot /Applications/Xcode_16.4.app/Contents/Developer/Platforms/iPhoneSimulator.platform/Developer/SDKs/iPhoneSimulator18.5.sdk -O0 -w -L/Users/runner/work/Super-Chef/Super-Chef/build/Build/Intermediates.noindex/EagerLinkingTBDs/Debug-iphonesimulator -L/Users/runner/work/Super-Chef/Super-Chef/build/Build/Products/Debug-iphonesimulator -L/Applications/Xcode_16.4.app/Contents/Developer/Platforms/iPhoneSimulator.platform/Developer/usr/lib -F/Users/runner/work/Super-Chef/Super-Chef/build/Build/Intermediates.noindex/EagerLinkingTBDs/Debug-iphonesimulator -F/Users/runner/work/Super-Chef/Super-Chef/build/Build/Products/Debug-iphonesimulator/PackageFrameworks -F/Users/runner/work/Super-Chef/Super-Chef/build/Build/Products/Debug-iphonesimulator -iframework /Applications/Xcode_16.4.app/Contents/Developer/Platforms/iPhoneSimulator.platform/Developer/Library/Frameworks -iframework /Applications/Xcode_16.4.app/Contents/Developer/Platforms/iPhoneSimulator.platform/Developer/SDKs/iPhoneSimulator18.5.sdk/Developer/Library/Frameworks -filelist /Users/runner/work/Super-Chef/Super-Chef/build/Build/Intermediates.noindex/Pantry.build/Debug-iphonesimulator/PantryGame.build/Objects-normal/x86_64/PantryGame.LinkFileList -nostdlib -Xlinker -object_path_lto -Xlinker /Users/runner/work/Super-Chef/Super-Chef/build/Build/Intermediates.noindex/Pantry.build/Debug-iphonesimulator/PantryGame.build/Objects-normal/x86_64/PantryGame_lto.o -rdynamic -Xlinker -no_deduplicate -Xlinker -objc_abi_version -Xlinker 2 -Xlinker -dependency_info -Xlinker /Users/runner/work/Super-Chef/Super-Chef/build/Build/Intermediates.noindex/Pantry.build/Debug-iphonesimulator/PantryGame.build/Objects-normal/x86_64/PantryGame_dependency_info.dat -fobjc-link-runtime -L/Applications/Xcode_16.4.app/Contents/Developer/Toolchains/XcodeDefault.xctoolchain/usr/lib/swift/iphonesimulator -L/usr/lib/swift -Xlinker -add_ast_path -Xlinker /Users/runner/work/Super-Chef/Super-Chef/build/Build/Intermediates.noindex/Pantry.build/Debug-iphonesimulator/PantryGame.build/Objects-normal/x86_64/PantryGame.swiftmodule -o /Users/runner/work/Super-Chef/Super-Chef/build/Build/Intermediates.noindex/Pantry.build/Debug-iphonesimulator/PantryGame.build/Objects-normal/x86_64/Binary/PantryGame.o

SwiftDriverJobDiscovery normal arm64 Compiling GeneratedAssetSymbols.swift (in target 'Pantry' from project 'Pantry' at path '/Users/runner/work/Super-Chef/Super-Chef/App/Pantry.xcodeproj')

Ld /Users/runner/work/Super-Chef/Super-Chef/build/Build/Intermediates.noindex/Pantry.build/Debug-iphonesimulator/PantryGame.build/Objects-normal/arm64/Binary/PantryGame.o normal arm64 (in target 'PantryGame' from project 'Pantry' at path '/Users/runner/work/Super-Chef/Super-Chef/Package.swift')
    cd /Users/runner/work/Super-Chef/Super-Chef
    /Applications/Xcode_16.4.app/Contents/Developer/Toolchains/XcodeDefault.xctoolchain/usr/bin/clang -Xlinker -reproducible -target arm64-apple-ios17.0-simulator -r -isysroot /Applications/Xcode_16.4.app/Contents/Developer/Platforms/iPhoneSimulator.platform/Developer/SDKs/iPhoneSimulator18.5.sdk -O0 -w -L/Users/runner/work/Super-Chef/Super-Chef/build/Build/Intermediates.noindex/EagerLinkingTBDs/Debug-iphonesimulator -L/Users/runner/work/Super-Chef/Super-Chef/build/Build/Products/Debug-iphonesimulator -L/Applications/Xcode_16.4.app/Contents/Developer/Platforms/iPhoneSimulator.platform/Developer/usr/lib -F/Users/runner/work/Super-Chef/Super-Chef/build/Build/Intermediates.noindex/EagerLinkingTBDs/Debug-iphonesimulator -F/Users/runner/work/Super-Chef/Super-Chef/build/Build/Products/Debug-iphonesimulator/PackageFrameworks -F/Users/runner/work/Super-Chef/Super-Chef/build/Build/Products/Debug-iphonesimulator -iframework /Applications/Xcode_16.4.app/Contents/Developer/Platforms/iPhoneSimulator.platform/Developer/Library/Frameworks -iframework /Applications/Xcode_16.4.app/Contents/Developer/Platforms/iPhoneSimulator.platform/Developer/SDKs/iPhoneSimulator18.5.sdk/Developer/Library/Frameworks -filelist /Users/runner/work/Super-Chef/Super-Chef/build/Build/Intermediates.noindex/Pantry.build/Debug-iphonesimulator/PantryGame.build/Objects-normal/arm64/PantryGame.LinkFileList -nostdlib -Xlinker -object_path_lto -Xlinker /Users/runner/work/Super-Chef/Super-Chef/build/Build/Intermediates.noindex/Pantry.build/Debug-iphonesimulator/PantryGame.build/Objects-normal/arm64/PantryGame_lto.o -rdynamic -Xlinker -no_deduplicate -Xlinker -objc_abi_version -Xlinker 2 -Xlinker -dependency_info -Xlinker /Users/runner/work/Super-Chef/Super-Chef/build/Build/Intermediates.noindex/Pantry.build/Debug-iphonesimulator/PantryGame.build/Objects-normal/arm64/PantryGame_dependency_info.dat -fobjc-link-runtime -L/Applications/Xcode_16.4.app/Contents/Developer/Toolchains/XcodeDefault.xctoolchain/usr/lib/swift/iphonesimulator -L/usr/lib/swift -Xlinker -add_ast_path -Xlinker /Users/runner/work/Super-Chef/Super-Chef/build/Build/Intermediates.noindex/Pantry.build/Debug-iphonesimulator/PantryGame.build/Objects-normal/arm64/PantryGame.swiftmodule -o /Users/runner/work/Super-Chef/Super-Chef/build/Build/Intermediates.noindex/Pantry.build/Debug-iphonesimulator/PantryGame.build/Objects-normal/arm64/Binary/PantryGame.o

SwiftDriver\ Compilation Pantry normal arm64 com.apple.xcode.tools.swift.compiler (in target 'Pantry' from project 'Pantry' at path '/Users/runner/work/Super-Chef/Super-Chef/App/Pantry.xcodeproj')
    cd /Users/runner/work/Super-Chef/Super-Chef/App
    builtin-Swift-Compilation -- /Applications/Xcode_16.4.app/Contents/Developer/Toolchains/XcodeDefault.xctoolchain/usr/bin/swiftc -module-name Pantry -Onone -enforce-exclusivity\=checked @/Users/runner/work/Super-Chef/Super-Chef/build/Build/Intermediates.noindex/Pantry.build/Debug-iphonesimulator/Pantry.build/Objects-normal/arm64/Pantry.SwiftFileList -DDEBUG -enable-bare-slash-regex -enable-experimental-feature DebugDescriptionMacro -sdk /Applications/Xcode_16.4.app/Contents/Developer/Platforms/iPhoneSimulator.platform/Developer/SDKs/iPhoneSimulator18.5.sdk -target arm64-apple-ios17.0-simulator -g -module-cache-path /Users/runner/work/Super-Chef/Super-Chef/build/ModuleCache.noindex -Xfrontend -serialize-debugging-options -enable-testing -index-store-path /Users/runner/work/Super-Chef/Super-Chef/build/Index.noindex/DataStore -swift-version 5 -I /Users/runner/work/Super-Chef/Super-Chef/build/Build/Products/Debug-iphonesimulator -F /Users/runner/work/Super-Chef/Super-Chef/build/Build/Products/Debug-iphonesimulator/PackageFrameworks -F /Users/runner/work/Super-Chef/Super-Chef/build/Build/Products/Debug-iphonesimulator/PackageFrameworks -F /Users/runner/work/Super-Chef/Super-Chef/build/Build/Products/Debug-iphonesimulator/PackageFrameworks -F /Users/runner/work/Super-Chef/Super-Chef/build/Build/Products/Debug-iphonesimulator -emit-localized-strings -emit-localized-strings-path /Users/runner/work/Super-Chef/Super-Chef/build/Build/Intermediates.noindex/Pantry.build/Debug-iphonesimulator/Pantry.build/Objects-normal/arm64 -c -j3 -enable-batch-mode -incremental -Xcc -ivfsstatcache -Xcc /Users/runner/work/Super-Chef/Super-Chef/build/SDKStatCaches.noindex/iphonesimulator18.5-22F76-96ae0914227b19deccb34b33ba7b5dea.sdkstatcache -output-file-map /Users/runner/work/Super-Chef/Super-Chef/build/Build/Intermediates.noindex/Pantry.build/Debug-iphonesimulator/Pantry.build/Objects-normal/arm64/Pantry-OutputFileMap.json -use-frontend-parseable-output -save-temps -no-color-diagnostics -serialize-diagnostics -emit-dependencies -emit-module -emit-module-path /Users/runner/work/Super-Chef/Super-Chef/build/Build/Intermediates.noindex/Pantry.build/Debug-iphonesimulator/Pantry.build/Objects-normal/arm64/Pantry.swiftmodule -validate-clang-modules-once -clang-build-session-file /Users/runner/work/Super-Chef/Super-Chef/build/ModuleCache.noindex/Session.modulevalidation -Xcc -I/Users/runner/work/Super-Chef/Super-Chef/build/Build/Intermediates.noindex/Pantry.build/Debug-iphonesimulator/Pantry.build/swift-overrides.hmap -emit-const-values -Xfrontend -const-gather-protocols-file -Xfrontend /Users/runner/work/Super-Chef/Super-Chef/build/Build/Intermediates.noindex/Pantry.build/Debug-iphonesimulator/Pantry.build/Objects-normal/arm64/Pantry_const_extract_protocols.json -Xcc -iquote -Xcc /Users/runner/work/Super-Chef/Super-Chef/build/Build/Intermediates.noindex/Pantry.build/Debug-iphonesimulator/Pantry.build/Pantry-generated-files.hmap -Xcc -I/Users/runner/work/Super-Chef/Super-Chef/build/Build/Intermediates.noindex/Pantry.build/Debug-iphonesimulator/Pantry.build/Pantry-own-target-headers.hmap -Xcc -I/Users/runner/work/Super-Chef/Super-Chef/build/Build/Intermediates.noindex/Pantry.build/Debug-iphonesimulator/Pantry.build/Pantry-all-non-framework-target-headers.hmap -Xcc -ivfsoverlay -Xcc /Users/runner/work/Super-Chef/Super-Chef/build/Build/Intermediates.noindex/Pantry.build/Debug-iphonesimulator/Pantry-c9fb38ddeae11554ad9454571f8ea7aa-VFS-iphonesimulator/all-product-headers.yaml -Xcc -iquote -Xcc /Users/runner/work/Super-Chef/Super-Chef/build/Build/Intermediates.noindex/Pantry.build/Debug-iphonesimulator/Pantry.build/Pantry-project-headers.hmap -Xcc -I/Users/runner/work/Super-Chef/Super-Chef/build/Build/Products/Debug-iphonesimulator/include -Xcc -I/Users/runner/work/Super-Chef/Super-Chef/build/Build/Intermediates.noindex/Pantry.build/Debug-iphonesimulator/Pantry.build/DerivedSources-normal/arm64 -Xcc -I/Users/runner/work/Super-Chef/Super-Chef/build/Build/Intermediates.noindex/Pantry.build/Debug-iphonesimulator/Pantry.build/DerivedSources/arm64 -Xcc -I/Users/runner/work/Super-Chef/Super-Chef/build/Build/Intermediates.noindex/Pantry.build/Debug-iphonesimulator/Pantry.build/DerivedSources -emit-objc-header -emit-objc-header-path /Users/runner/work/Super-Chef/Super-Chef/build/Build/Intermediates.noindex/Pantry.build/Debug-iphonesimulator/Pantry.build/Objects-normal/arm64/Pantry-Swift.h -working-directory /Users/runner/work/Super-Chef/Super-Chef/App -experimental-emit-module-separately -disable-cmo

CreateUniversalBinary /Users/runner/work/Super-Chef/Super-Chef/build/Build/Products/Debug-iphonesimulator/PantryGame.o normal arm64\ x86_64 (in target 'PantryGame' from project 'Pantry' at path '/Users/runner/work/Super-Chef/Super-Chef/Package.swift')
    cd /Users/runner/work/Super-Chef/Super-Chef
    /Applications/Xcode_16.4.app/Contents/Developer/Toolchains/XcodeDefault.xctoolchain/usr/bin/lipo -create /Users/runner/work/Super-Chef/Super-Chef/build/Build/Intermediates.noindex/Pantry.build/Debug-iphonesimulator/PantryGame.build/Objects-normal/arm64/Binary/PantryGame.o /Users/runner/work/Super-Chef/Super-Chef/build/Build/Intermediates.noindex/Pantry.build/Debug-iphonesimulator/PantryGame.build/Objects-normal/x86_64/Binary/PantryGame.o -output /Users/runner/work/Super-Chef/Super-Chef/build/Build/Products/Debug-iphonesimulator/PantryGame.o

ExtractAppIntentsMetadata (in target 'PantryGame' from project 'Pantry' at path '/Users/runner/work/Super-Chef/Super-Chef/Package.swift')
    cd /Users/runner/work/Super-Chef/Super-Chef
    /Applications/Xcode_16.4.app/Contents/Developer/Toolchains/XcodeDefault.xctoolchain/usr/bin/appintentsmetadataprocessor --toolchain-dir /Applications/Xcode_16.4.app/Contents/Developer/Toolchains/XcodeDefault.xctoolchain --module-name PantryGame --sdk-root /Applications/Xcode_16.4.app/Contents/Developer/Platforms/iPhoneSimulator.platform/Developer/SDKs/iPhoneSimulator18.5.sdk --xcode-version 16F6 --platform-family iOS --deployment-target 17.0 --bundle-identifier super-chef.PantryGame --output /Users/runner/work/Super-Chef/Super-Chef/build/Build/Products/Debug-iphonesimulator/PantryGame.appintents --target-triple arm64-apple-ios17.0-simulator --target-triple x86_64-apple-ios17.0-simulator --binary-file /Users/runner/work/Super-Chef/Super-Chef/build/Build/Products/Debug-iphonesimulator/PantryGame.o --dependency-file /Users/runner/work/Super-Chef/Super-Chef/build/Build/Intermediates.noindex/Pantry.build/Debug-iphonesimulator/PantryGame.build/Objects-normal/arm64/PantryGame_dependency_info.dat --dependency-file /Users/runner/work/Super-Chef/Super-Chef/build/Build/Intermediates.noindex/Pantry.build/Debug-iphonesimulator/PantryGame.build/Objects-normal/x86_64/PantryGame_dependency_info.dat --stringsdata-file /Users/runner/work/Super-Chef/Super-Chef/build/Build/Intermediates.noindex/Pantry.build/Debug-iphonesimulator/PantryGame.build/Objects-normal/arm64/ExtractedAppShortcutsMetadata.stringsdata --stringsdata-file /Users/runner/work/Super-Chef/Super-Chef/build/Build/Intermediates.noindex/Pantry.build/Debug-iphonesimulator/PantryGame.build/Objects-normal/x86_64/ExtractedAppShortcutsMetadata.stringsdata --source-file-list /Users/runner/work/Super-Chef/Super-Chef/build/Build/Intermediates.noindex/Pantry.build/Debug-iphonesimulator/PantryGame.build/Objects-normal/arm64/PantryGame.SwiftFileList --source-file-list /Users/runner/work/Super-Chef/Super-Chef/build/Build/Intermediates.noindex/Pantry.build/Debug-iphonesimulator/PantryGame.build/Objects-normal/x86_64/PantryGame.SwiftFileList --metadata-file-list /Users/runner/work/Super-Chef/Super-Chef/build/Build/Intermediates.noindex/Pantry.build/Debug-iphonesimulator/PantryGame.build/PantryGame.DependencyMetadataFileList --static-metadata-file-list /Users/runner/work/Super-Chef/Super-Chef/build/Build/Intermediates.noindex/Pantry.build/Debug-iphonesimulator/PantryGame.build/PantryGame.DependencyStaticMetadataFileList --swift-const-vals-list /Users/runner/work/Super-Chef/Super-Chef/build/Build/Intermediates.noindex/Pantry.build/Debug-iphonesimulator/PantryGame.build/Objects-normal/arm64/PantryGame.SwiftConstValuesFileList --swift-const-vals-list /Users/runner/work/Super-Chef/Super-Chef/build/Build/Intermediates.noindex/Pantry.build/Debug-iphonesimulator/PantryGame.build/Objects-normal/x86_64/PantryGame.SwiftConstValuesFileList --force --compile-time-extraction --deployment-aware-processing --validate-assistant-intents --no-app-shortcuts-localization
2026-10-09 15:40:36.021 appintentsmetadataprocessor[3962:15791] Starting appintentsmetadataprocessor export
2026-10-09 15:40:36.070 appintentsmetadataprocessor[3962:15791] Extracted no relevant App Intents symbols, skipping writing output

RegisterExecutionPolicyException /Users/runner/work/Super-Chef/Super-Chef/build/Build/Products/Debug-iphonesimulator/PantryGame.o (in target 'PantryGame' from project 'Pantry' at path '/Users/runner/work/Super-Chef/Super-Chef/Package.swift')
    cd /Users/runner/work/Super-Chef/Super-Chef
    builtin-RegisterExecutionPolicyException /Users/runner/work/Super-Chef/Super-Chef/build/Build/Products/Debug-iphonesimulator/PantryGame.o

Ld /Users/runner/work/Super-Chef/Super-Chef/build/Build/Intermediates.noindex/Pantry.build/Debug-iphonesimulator/PantryUI.build/Objects-normal/arm64/Binary/PantryUI.o normal arm64 (in target 'PantryUI' from project 'Pantry' at path '/Users/runner/work/Super-Chef/Super-Chef/Package.swift')
    cd /Users/runner/work/Super-Chef/Super-Chef
    /Applications/Xcode_16.4.app/Contents/Developer/Toolchains/XcodeDefault.xctoolchain/usr/bin/clang -Xlinker -reproducible -target arm64-apple-ios17.0-simulator -r -isysroot /Applications/Xcode_16.4.app/Contents/Developer/Platforms/iPhoneSimulator.platform/Developer/SDKs/iPhoneSimulator18.5.sdk -O0 -w -L/Users/runner/work/Super-Chef/Super-Chef/build/Build/Intermediates.noindex/EagerLinkingTBDs/Debug-iphonesimulator -L/Users/runner/work/Super-Chef/Super-Chef/build/Build/Products/Debug-iphonesimulator -L/Applications/Xcode_16.4.app/Contents/Developer/Platforms/iPhoneSimulator.platform/Developer/usr/lib -F/Users/runner/work/Super-Chef/Super-Chef/build/Build/Intermediates.noindex/EagerLinkingTBDs/Debug-iphonesimulator -F/Users/runner/work/Super-Chef/Super-Chef/build/Build/Products/Debug-iphonesimulator/PackageFrameworks -F/Users/runner/work/Super-Chef/Super-Chef/build/Build/Products/Debug-iphonesimulator/PackageFrameworks -F/Users/runner/work/Super-Chef/Super-Chef/build/Build/Products/Debug-iphonesimulator -iframework /Applications/Xcode_16.4.app/Contents/Developer/Platforms/iPhoneSimulator.platform/Developer/Library/Frameworks -iframework /Applications/Xcode_16.4.app/Contents/Developer/Platforms/iPhoneSimulator.platform/Developer/SDKs/iPhoneSimulator18.5.sdk/Developer/Library/Frameworks -filelist /Users/runner/work/Super-Chef/Super-Chef/build/Build/Intermediates.noindex/Pantry.build/Debug-iphonesimulator/PantryUI.build/Objects-normal/arm64/PantryUI.LinkFileList -nostdlib -Xlinker -object_path_lto -Xlinker /Users/runner/work/Super-Chef/Super-Chef/build/Build/Intermediates.noindex/Pantry.build/Debug-iphonesimulator/PantryUI.build/Objects-normal/arm64/PantryUI_lto.o -rdynamic -Xlinker -no_deduplicate -Xlinker -objc_abi_version -Xlinker 2 -Xlinker -dependency_info -Xlinker /Users/runner/work/Super-Chef/Super-Chef/build/Build/Intermediates.noindex/Pantry.build/Debug-iphonesimulator/PantryUI.build/Objects-normal/arm64/PantryUI_dependency_info.dat -fobjc-link-runtime -L/Applications/Xcode_16.4.app/Contents/Developer/Toolchains/XcodeDefault.xctoolchain/usr/lib/swift/iphonesimulator -L/usr/lib/swift -Xlinker -add_ast_path -Xlinker /Users/runner/work/Super-Chef/Super-Chef/build/Build/Intermediates.noindex/Pantry.build/Debug-iphonesimulator/PantryUI.build/Objects-normal/arm64/PantryUI.swiftmodule -o /Users/runner/work/Super-Chef/Super-Chef/build/Build/Intermediates.noindex/Pantry.build/Debug-iphonesimulator/PantryUI.build/Objects-normal/arm64/Binary/PantryUI.o

SwiftDriverJobDiscovery normal x86_64 Compiling RecipeView.swift, RoundHeader.swift, RoundView.swift, RoundViewModel.swift, ScoreSheet.swift (in target 'PantryUI' from project 'Pantry' at path '/Users/runner/work/Super-Chef/Super-Chef/Package.swift')

SwiftDriver\ Compilation PantryUI normal x86_64 com.apple.xcode.tools.swift.compiler (in target 'PantryUI' from project 'Pantry' at path '/Users/runner/work/Super-Chef/Super-Chef/Package.swift')
    cd /Users/runner/work/Super-Chef/Super-Chef/App/Pantry.xcodeproj
    builtin-Swift-Compilation -- /Applications/Xcode_16.4.app/Contents/Developer/Toolchains/XcodeDefault.xctoolchain/usr/bin/swiftc -module-name PantryUI -Onone -enforce-exclusivity\=checked @/Users/runner/work/Super-Chef/Super-Chef/build/Build/Intermediates.noindex/Pantry.build/Debug-iphonesimulator/PantryUI.build/Objects-normal/x86_64/PantryUI.SwiftFileList -DSWIFT_PACKAGE -DDEBUG -DXcode -plugin-path /Applications/Xcode_16.4.app/Contents/Developer/Toolchains/XcodeDefault.xctoolchain/usr/lib/swift/host/plugins/testing -enable-experimental-feature DebugDescriptionMacro -sdk /Applications/Xcode_16.4.app/Contents/Developer/Platforms/iPhoneSimulator.platform/Developer/SDKs/iPhoneSimulator18.5.sdk -target x86_64-apple-ios17.0-simulator -g -module-cache-path /Users/runner/work/Super-Chef/Super-Chef/build/ModuleCache.noindex -Xfrontend -serialize-debugging-options -enable-testing -suppress-warnings -index-store-path /Users/runner/work/Super-Chef/Super-Chef/build/Index.noindex/DataStore -swift-version 5 -I /Users/runner/work/Super-Chef/Super-Chef/build/Build/Products/Debug-iphonesimulator -I /Applications/Xcode_16.4.app/Contents/Developer/Platforms/iPhoneSimulator.platform/Developer/usr/lib -F /Users/runner/work/Super-Chef/Super-Chef/build/Build/Products/Debug-iphonesimulator/PackageFrameworks -F /Users/runner/work/Super-Chef/Super-Chef/build/Build/Products/Debug-iphonesimulator/PackageFrameworks -F /Users/runner/work/Super-Chef/Super-Chef/build/Build/Products/Debug-iphonesimulator -F /Applications/Xcode_16.4.app/Contents/Developer/Platforms/iPhoneSimulator.platform/Developer/Library/Frameworks -F /Applications/Xcode_16.4.app/Contents/Developer/Platforms/iPhoneSimulator.platform/Developer/SDKs/iPhoneSimulator18.5.sdk/Developer/Library/Frameworks -c -j3 -enable-batch-mode -incremental -Xcc -ivfsstatcache -Xcc /Users/runner/work/Super-Chef/Super-Chef/build/SDKStatCaches.noindex/iphonesimulator18.5-22F76-96ae0914227b19deccb34b33ba7b5dea.sdkstatcache -output-file-map /Users/runner/work/Super-Chef/Super-Chef/build/Build/Intermediates.noindex/Pantry.build/Debug-iphonesimulator/PantryUI.build/Objects-normal/x86_64/PantryUI-OutputFileMap.json -use-frontend-parseable-output -save-temps -no-color-diagnostics -serialize-diagnostics -emit-dependencies -emit-module -emit-module-path /Users/runner/work/Super-Chef/Super-Chef/build/Build/Intermediates.noindex/Pantry.build/Debug-iphonesimulator/PantryUI.build/Objects-normal/x86_64/PantryUI.swiftmodule -validate-clang-modules-once -clang-build-session-file /Users/runner/work/Super-Chef/Super-Chef/build/ModuleCache.noindex/Session.modulevalidation -package-name super_chef -Xcc -I/Users/runner/work/Super-Chef/Super-Chef/build/Build/Intermediates.noindex/Pantry.build/Debug-iphonesimulator/PantryUI.build/swift-overrides.hmap -emit-const-values -Xfrontend -const-gather-protocols-file -Xfrontend /Users/runner/work/Super-Chef/Super-Chef/build/Build/Intermediates.noindex/Pantry.build/Debug-iphonesimulator/PantryUI.build/Objects-normal/x86_64/PantryUI_const_extract_protocols.json -Xcc -I/Users/runner/work/Super-Chef/Super-Chef/build/Build/Products/Debug-iphonesimulator/include -Xcc -I/Users/runner/work/Super-Chef/Super-Chef/build/Build/Intermediates.noindex/Pantry.build/Debug-iphonesimulator/PantryUI.build/DerivedSources-normal/x86_64 -Xcc -I/Users/runner/work/Super-Chef/Super-Chef/build/Build/Intermediates.noindex/Pantry.build/Debug-iphonesimulator/PantryUI.build/DerivedSources/x86_64 -Xcc -I/Users/runner/work/Super-Chef/Super-Chef/build/Build/Intermediates.noindex/Pantry.build/Debug-iphonesimulator/PantryUI.build/DerivedSources -Xcc -DSWIFT_PACKAGE -Xcc -DDEBUG\=1 -emit-objc-header -emit-objc-header-path /Users/runner/work/Super-Chef/Super-Chef/build/Build/Intermediates.noindex/Pantry.build/Debug-iphonesimulator/PantryUI.build/Objects-normal/x86_64/PantryUI-Swift.h -working-directory /Users/runner/work/Super-Chef/Super-Chef/App/Pantry.xcodeproj -experimental-emit-module-separately -disable-cmo

Ld /Users/runner/work/Super-Chef/Super-Chef/build/Build/Intermediates.noindex/Pantry.build/Debug-iphonesimulator/PantryUI.build/Objects-normal/x86_64/Binary/PantryUI.o normal x86_64 (in target 'PantryUI' from project 'Pantry' at path '/Users/runner/work/Super-Chef/Super-Chef/Package.swift')
    cd /Users/runner/work/Super-Chef/Super-Chef
    /Applications/Xcode_16.4.app/Contents/Developer/Toolchains/XcodeDefault.xctoolchain/usr/bin/clang -Xlinker -reproducible -target x86_64-apple-ios17.0-simulator -r -isysroot /Applications/Xcode_16.4.app/Contents/Developer/Platforms/iPhoneSimulator.platform/Developer/SDKs/iPhoneSimulator18.5.sdk -O0 -w -L/Users/runner/work/Super-Chef/Super-Chef/build/Build/Intermediates.noindex/EagerLinkingTBDs/Debug-iphonesimulator -L/Users/runner/work/Super-Chef/Super-Chef/build/Build/Products/Debug-iphonesimulator -L/Applications/Xcode_16.4.app/Contents/Developer/Platforms/iPhoneSimulator.platform/Developer/usr/lib -F/Users/runner/work/Super-Chef/Super-Chef/build/Build/Intermediates.noindex/EagerLinkingTBDs/Debug-iphonesimulator -F/Users/runner/work/Super-Chef/Super-Chef/build/Build/Products/Debug-iphonesimulator/PackageFrameworks -F/Users/runner/work/Super-Chef/Super-Chef/build/Build/Products/Debug-iphonesimulator/PackageFrameworks -F/Users/runner/work/Super-Chef/Super-Chef/build/Build/Products/Debug-iphonesimulator -iframework /Applications/Xcode_16.4.app/Contents/Developer/Platforms/iPhoneSimulator.platform/Developer/Library/Frameworks -iframework /Applications/Xcode_16.4.app/Contents/Developer/Platforms/iPhoneSimulator.platform/Developer/SDKs/iPhoneSimulator18.5.sdk/Developer/Library/Frameworks -filelist /Users/runner/work/Super-Chef/Super-Chef/build/Build/Intermediates.noindex/Pantry.build/Debug-iphonesimulator/PantryUI.build/Objects-normal/x86_64/PantryUI.LinkFileList -nostdlib -Xlinker -object_path_lto -Xlinker /Users/runner/work/Super-Chef/Super-Chef/build/Build/Intermediates.noindex/Pantry.build/Debug-iphonesimulator/PantryUI.build/Objects-normal/x86_64/PantryUI_lto.o -rdynamic -Xlinker -no_deduplicate -Xlinker -objc_abi_version -Xlinker 2 -Xlinker -dependency_info -Xlinker /Users/runner/work/Super-Chef/Super-Chef/build/Build/Intermediates.noindex/Pantry.build/Debug-iphonesimulator/PantryUI.build/Objects-normal/x86_64/PantryUI_dependency_info.dat -fobjc-link-runtime -L/Applications/Xcode_16.4.app/Contents/Developer/Toolchains/XcodeDefault.xctoolchain/usr/lib/swift/iphonesimulator -L/usr/lib/swift -Xlinker -add_ast_path -Xlinker /Users/runner/work/Super-Chef/Super-Chef/build/Build/Intermediates.noindex/Pantry.build/Debug-iphonesimulator/PantryUI.build/Objects-normal/x86_64/PantryUI.swiftmodule -o /Users/runner/work/Super-Chef/Super-Chef/build/Build/Intermediates.noindex/Pantry.build/Debug-iphonesimulator/PantryUI.build/Objects-normal/x86_64/Binary/PantryUI.o

CreateUniversalBinary /Users/runner/work/Super-Chef/Super-Chef/build/Build/Products/Debug-iphonesimulator/PantryUI.o normal arm64\ x86_64 (in target 'PantryUI' from project 'Pantry' at path '/Users/runner/work/Super-Chef/Super-Chef/Package.swift')
    cd /Users/runner/work/Super-Chef/Super-Chef
    /Applications/Xcode_16.4.app/Contents/Developer/Toolchains/XcodeDefault.xctoolchain/usr/bin/lipo -create /Users/runner/work/Super-Chef/Super-Chef/build/Build/Intermediates.noindex/Pantry.build/Debug-iphonesimulator/PantryUI.build/Objects-normal/arm64/Binary/PantryUI.o /Users/runner/work/Super-Chef/Super-Chef/build/Build/Intermediates.noindex/Pantry.build/Debug-iphonesimulator/PantryUI.build/Objects-normal/x86_64/Binary/PantryUI.o -output /Users/runner/work/Super-Chef/Super-Chef/build/Build/Products/Debug-iphonesimulator/PantryUI.o

ExtractAppIntentsMetadata (in target 'PantryUI' from project 'Pantry' at path '/Users/runner/work/Super-Chef/Super-Chef/Package.swift')
    cd /Users/runner/work/Super-Chef/Super-Chef
    /Applications/Xcode_16.4.app/Contents/Developer/Toolchains/XcodeDefault.xctoolchain/usr/bin/appintentsmetadataprocessor --toolchain-dir /Applications/Xcode_16.4.app/Contents/Developer/Toolchains/XcodeDefault.xctoolchain --module-name PantryUI --sdk-root /Applications/Xcode_16.4.app/Contents/Developer/Platforms/iPhoneSimulator.platform/Developer/SDKs/iPhoneSimulator18.5.sdk --xcode-version 16F6 --platform-family iOS --deployment-target 17.0 --bundle-identifier super-chef.PantryUI --output /Users/runner/work/Super-Chef/Super-Chef/build/Build/Products/Debug-iphonesimulator/PantryUI.appintents --target-triple arm64-apple-ios17.0-simulator --target-triple x86_64-apple-ios17.0-simulator --binary-file /Users/runner/work/Super-Chef/Super-Chef/build/Build/Products/Debug-iphonesimulator/PantryUI.o --dependency-file /Users/runner/work/Super-Chef/Super-Chef/build/Build/Intermediates.noindex/Pantry.build/Debug-iphonesimulator/PantryUI.build/Objects-normal/arm64/PantryUI_dependency_info.dat --dependency-file /Users/runner/work/Super-Chef/Super-Chef/build/Build/Intermediates.noindex/Pantry.build/Debug-iphonesimulator/PantryUI.build/Objects-normal/x86_64/PantryUI_dependency_info.dat --stringsdata-file /Users/runner/work/Super-Chef/Super-Chef/build/Build/Intermediates.noindex/Pantry.build/Debug-iphonesimulator/PantryUI.build/Objects-normal/arm64/ExtractedAppShortcutsMetadata.stringsdata --stringsdata-file /Users/runner/work/Super-Chef/Super-Chef/build/Build/Intermediates.noindex/Pantry.build/Debug-iphonesimulator/PantryUI.build/Objects-normal/x86_64/ExtractedAppShortcutsMetadata.stringsdata --source-file-list /Users/runner/work/Super-Chef/Super-Chef/build/Build/Intermediates.noindex/Pantry.build/Debug-iphonesimulator/PantryUI.build/Objects-normal/arm64/PantryUI.SwiftFileList --source-file-list /Users/runner/work/Super-Chef/Super-Chef/build/Build/Intermediates.noindex/Pantry.build/Debug-iphonesimulator/PantryUI.build/Objects-normal/x86_64/PantryUI.SwiftFileList --metadata-file-list /Users/runner/work/Super-Chef/Super-Chef/build/Build/Intermediates.noindex/Pantry.build/Debug-iphonesimulator/PantryUI.build/PantryUI.DependencyMetadataFileList --static-metadata-file-list /Users/runner/work/Super-Chef/Super-Chef/build/Build/Intermediates.noindex/Pantry.build/Debug-iphonesimulator/PantryUI.build/PantryUI.DependencyStaticMetadataFileList --swift-const-vals-list /Users/runner/work/Super-Chef/Super-Chef/build/Build/Intermediates.noindex/Pantry.build/Debug-iphonesimulator/PantryUI.build/Objects-normal/arm64/PantryUI.SwiftConstValuesFileList --swift-const-vals-list /Users/runner/work/Super-Chef/Super-Chef/build/Build/Intermediates.noindex/Pantry.build/Debug-iphonesimulator/PantryUI.build/Objects-normal/x86_64/PantryUI.SwiftConstValuesFileList --force --compile-time-extraction --deployment-aware-processing --validate-assistant-intents --no-app-shortcuts-localization
2026-10-09 15:40:37.411 appintentsmetadataprocessor[4093:16120] Starting appintentsmetadataprocessor export
2026-10-09 15:40:37.492 appintentsmetadataprocessor[4093:16120] Extracted no relevant App Intents symbols, skipping writing output

RegisterExecutionPolicyException /Users/runner/work/Super-Chef/Super-Chef/build/Build/Products/Debug-iphonesimulator/PantryUI.o (in target 'PantryUI' from project 'Pantry' at path '/Users/runner/work/Super-Chef/Super-Chef/Package.swift')
    cd /Users/runner/work/Super-Chef/Super-Chef
    builtin-RegisterExecutionPolicyException /Users/runner/work/Super-Chef/Super-Chef/build/Build/Products/Debug-iphonesimulator/PantryUI.o

Ld /Users/runner/work/Super-Chef/Super-Chef/build/Build/Intermediates.noindex/Pantry.build/Debug-iphonesimulator/Pantry.build/Objects-normal/x86_64/Binary/__preview.dylib normal x86_64 (in target 'Pantry' from project 'Pantry' at path '/Users/runner/work/Super-Chef/Super-Chef/App/Pantry.xcodeproj')
    cd /Users/runner/work/Super-Chef/Super-Chef/App
    /Applications/Xcode_16.4.app/Contents/Developer/Toolchains/XcodeDefault.xctoolchain/usr/bin/clang -Xlinker -reproducible -target x86_64-apple-ios17.0-simulator -dynamiclib -isysroot /Applications/Xcode_16.4.app/Contents/Developer/Platforms/iPhoneSimulator.platform/Developer/SDKs/iPhoneSimulator18.5.sdk -O0 -L/Users/runner/work/Super-Chef/Super-Chef/build/Build/Products/Debug-iphonesimulator -F/Users/runner/work/Super-Chef/Super-Chef/build/Build/Products/Debug-iphonesimulator/PackageFrameworks -F/Users/runner/work/Super-Chef/Super-Chef/build/Build/Products/Debug-iphonesimulator/PackageFrameworks -F/Users/runner/work/Super-Chef/Super-Chef/build/Build/Products/Debug-iphonesimulator/PackageFrameworks -F/Users/runner/work/Super-Chef/Super-Chef/build/Build/Products/Debug-iphonesimulator -install_name @rpath/Pantry.debug.dylib -dead_strip -rdynamic -Xlinker -no_deduplicate -Xlinker -objc_abi_version -Xlinker 2 -Xlinker -dependency_info -Xlinker /Users/runner/work/Super-Chef/Super-Chef/build/Build/Intermediates.noindex/Pantry.build/Debug-iphonesimulator/Pantry.build/Objects-normal/x86_64/Pantry_dependency_info.dat -o /Users/runner/work/Super-Chef/Super-Chef/build/Build/Intermediates.noindex/Pantry.build/Debug-iphonesimulator/Pantry.build/Objects-normal/x86_64/Binary/__preview.dylib

Ld /Users/runner/work/Super-Chef/Super-Chef/build/Build/Intermediates.noindex/Pantry.build/Debug-iphonesimulator/Pantry.build/Objects-normal/x86_64/Binary/Pantry.debug.dylib normal x86_64 (in target 'Pantry' from project 'Pantry' at path '/Users/runner/work/Super-Chef/Super-Chef/App/Pantry.xcodeproj')
    cd /Users/runner/work/Super-Chef/Super-Chef/App
    /Applications/Xcode_16.4.app/Contents/Developer/Toolchains/XcodeDefault.xctoolchain/usr/bin/clang -Xlinker -reproducible -target x86_64-apple-ios17.0-simulator -dynamiclib -isysroot /Applications/Xcode_16.4.app/Contents/Developer/Platforms/iPhoneSimulator.platform/Developer/SDKs/iPhoneSimulator18.5.sdk -O0 -L/Users/runner/work/Super-Chef/Super-Chef/build/Build/Intermediates.noindex/EagerLinkingTBDs/Debug-iphonesimulator -L/Users/runner/work/Super-Chef/Super-Chef/build/Build/Products/Debug-iphonesimulator -F/Users/runner/work/Super-Chef/Super-Chef/build/Build/Intermediates.noindex/EagerLinkingTBDs/Debug-iphonesimulator -F/Users/runner/work/Super-Chef/Super-Chef/build/Build/Products/Debug-iphonesimulator/PackageFrameworks -F/Users/runner/work/Super-Chef/Super-Chef/build/Build/Products/Debug-iphonesimulator/PackageFrameworks -F/Users/runner/work/Super-Chef/Super-Chef/build/Build/Products/Debug-iphonesimulator/PackageFrameworks -F/Users/runner/work/Super-Chef/Super-Chef/build/Build/Products/Debug-iphonesimulator -filelist /Users/runner/work/Super-Chef/Super-Chef/build/Build/Intermediates.noindex/Pantry.build/Debug-iphonesimulator/Pantry.build/Objects-normal/x86_64/Pantry.LinkFileList -install_name @rpath/Pantry.debug.dylib -Xlinker -rpath -Xlinker /Users/runner/work/Super-Chef/Super-Chef/build/Build/Products/Debug-iphonesimulator/PackageFrameworks -Xlinker -rpath -Xlinker @executable_path/Frameworks -dead_strip -Xlinker -object_path_lto -Xlinker /Users/runner/work/Super-Chef/Super-Chef/build/Build/Intermediates.noindex/Pantry.build/Debug-iphonesimulator/Pantry.build/Objects-normal/x86_64/Pantry_lto.o -rdynamic -Xlinker -no_deduplicate -Xlinker -objc_abi_version -Xlinker 2 -Xlinker -dependency_info -Xlinker /Users/runner/work/Super-Chef/Super-Chef/build/Build/Intermediates.noindex/Pantry.build/Debug-iphonesimulator/Pantry.build/Objects-normal/x86_64/Pantry_dependency_info.dat -fobjc-link-runtime -L/Applications/Xcode_16.4.app/Contents/Developer/Toolchains/XcodeDefault.xctoolchain/usr/lib/swift/iphonesimulator -L/usr/lib/swift -Xlinker -add_ast_path -Xlinker /Users/runner/work/Super-Chef/Super-Chef/build/Build/Intermediates.noindex/Pantry.build/Debug-iphonesimulator/Pantry.build/Objects-normal/x86_64/Pantry.swiftmodule -Wl,-no_warn_duplicate_libraries -Wl,-no_warn_duplicate_libraries -Wl,-no_warn_duplicate_libraries -Xlinker -alias -Xlinker _main -Xlinker ___debug_main_executable_dylib_entry_point -o /Users/runner/work/Super-Chef/Super-Chef/build/Build/Intermediates.noindex/Pantry.build/Debug-iphonesimulator/Pantry.build/Objects-normal/x86_64/Binary/Pantry.debug.dylib -Xlinker -add_ast_path -Xlinker /Users/runner/work/Super-Chef/Super-Chef/build/Build/Intermediates.noindex/Pantry.build/Debug-iphonesimulator/PantryUI.build/Objects-normal/x86_64/PantryUI.swiftmodule -Xlinker -add_ast_path -Xlinker /Users/runner/work/Super-Chef/Super-Chef/build/Build/Intermediates.noindex/Pantry.build/Debug-iphonesimulator/PantryScoring.build/Objects-normal/x86_64/PantryScoring.swiftmodule -Xlinker -add_ast_path -Xlinker /Users/runner/work/Super-Chef/Super-Chef/build/Build/Intermediates.noindex/Pantry.build/Debug-iphonesimulator/PantryGame.build/Objects-normal/x86_64/PantryGame.swiftmodule

Ld /Users/runner/work/Super-Chef/Super-Chef/build/Build/Intermediates.noindex/Pantry.build/Debug-iphonesimulator/Pantry.build/Objects-normal/arm64/Binary/__preview.dylib normal arm64 (in target 'Pantry' from project 'Pantry' at path '/Users/runner/work/Super-Chef/Super-Chef/App/Pantry.xcodeproj')
    cd /Users/runner/work/Super-Chef/Super-Chef/App
    /Applications/Xcode_16.4.app/Contents/Developer/Toolchains/XcodeDefault.xctoolchain/usr/bin/clang -Xlinker -reproducible -target arm64-apple-ios17.0-simulator -dynamiclib -isysroot /Applications/Xcode_16.4.app/Contents/Developer/Platforms/iPhoneSimulator.platform/Developer/SDKs/iPhoneSimulator18.5.sdk -O0 -L/Users/runner/work/Super-Chef/Super-Chef/build/Build/Products/Debug-iphonesimulator -F/Users/runner/work/Super-Chef/Super-Chef/build/Build/Products/Debug-iphonesimulator/PackageFrameworks -F/Users/runner/work/Super-Chef/Super-Chef/build/Build/Products/Debug-iphonesimulator/PackageFrameworks -F/Users/runner/work/Super-Chef/Super-Chef/build/Build/Products/Debug-iphonesimulator/PackageFrameworks -F/Users/runner/work/Super-Chef/Super-Chef/build/Build/Products/Debug-iphonesimulator -install_name @rpath/Pantry.debug.dylib -dead_strip -rdynamic -Xlinker -no_deduplicate -Xlinker -objc_abi_version -Xlinker 2 -Xlinker -dependency_info -Xlinker /Users/runner/work/Super-Chef/Super-Chef/build/Build/Intermediates.noindex/Pantry.build/Debug-iphonesimulator/Pantry.build/Objects-normal/arm64/Pantry_dependency_info.dat -o /Users/runner/work/Super-Chef/Super-Chef/build/Build/Intermediates.noindex/Pantry.build/Debug-iphonesimulator/Pantry.build/Objects-normal/arm64/Binary/__preview.dylib

Ld /Users/runner/work/Super-Chef/Super-Chef/build/Build/Intermediates.noindex/Pantry.build/Debug-iphonesimulator/Pantry.build/Objects-normal/arm64/Binary/Pantry.debug.dylib normal arm64 (in target 'Pantry' from project 'Pantry' at path '/Users/runner/work/Super-Chef/Super-Chef/App/Pantry.xcodeproj')
    cd /Users/runner/work/Super-Chef/Super-Chef/App
    /Applications/Xcode_16.4.app/Contents/Developer/Toolchains/XcodeDefault.xctoolchain/usr/bin/clang -Xlinker -reproducible -target arm64-apple-ios17.0-simulator -dynamiclib -isysroot /Applications/Xcode_16.4.app/Contents/Developer/Platforms/iPhoneSimulator.platform/Developer/SDKs/iPhoneSimulator18.5.sdk -O0 -L/Users/runner/work/Super-Chef/Super-Chef/build/Build/Intermediates.noindex/EagerLinkingTBDs/Debug-iphonesimulator -L/Users/runner/work/Super-Chef/Super-Chef/build/Build/Products/Debug-iphonesimulator -F/Users/runner/work/Super-Chef/Super-Chef/build/Build/Intermediates.noindex/EagerLinkingTBDs/Debug-iphonesimulator -F/Users/runner/work/Super-Chef/Super-Chef/build/Build/Products/Debug-iphonesimulator/PackageFrameworks -F/Users/runner/work/Super-Chef/Super-Chef/build/Build/Products/Debug-iphonesimulator/PackageFrameworks -F/Users/runner/work/Super-Chef/Super-Chef/build/Build/Products/Debug-iphonesimulator/PackageFrameworks -F/Users/runner/work/Super-Chef/Super-Chef/build/Build/Products/Debug-iphonesimulator -filelist /Users/runner/work/Super-Chef/Super-Chef/build/Build/Intermediates.noindex/Pantry.build/Debug-iphonesimulator/Pantry.build/Objects-normal/arm64/Pantry.LinkFileList -install_name @rpath/Pantry.debug.dylib -Xlinker -rpath -Xlinker /Users/runner/work/Super-Chef/Super-Chef/build/Build/Products/Debug-iphonesimulator/PackageFrameworks -Xlinker -rpath -Xlinker @executable_path/Frameworks -dead_strip -Xlinker -object_path_lto -Xlinker /Users/runner/work/Super-Chef/Super-Chef/build/Build/Intermediates.noindex/Pantry.build/Debug-iphonesimulator/Pantry.build/Objects-normal/arm64/Pantry_lto.o -rdynamic -Xlinker -no_deduplicate -Xlinker -objc_abi_version -Xlinker 2 -Xlinker -dependency_info -Xlinker /Users/runner/work/Super-Chef/Super-Chef/build/Build/Intermediates.noindex/Pantry.build/Debug-iphonesimulator/Pantry.build/Objects-normal/arm64/Pantry_dependency_info.dat -fobjc-link-runtime -L/Applications/Xcode_16.4.app/Contents/Developer/Toolchains/XcodeDefault.xctoolchain/usr/lib/swift/iphonesimulator -L/usr/lib/swift -Xlinker -add_ast_path -Xlinker /Users/runner/work/Super-Chef/Super-Chef/build/Build/Intermediates.noindex/Pantry.build/Debug-iphonesimulator/Pantry.build/Objects-normal/arm64/Pantry.swiftmodule -Wl,-no_warn_duplicate_libraries -Wl,-no_warn_duplicate_libraries -Wl,-no_warn_duplicate_libraries -Xlinker -alias -Xlinker _main -Xlinker ___debug_main_executable_dylib_entry_point -o /Users/runner/work/Super-Chef/Super-Chef/build/Build/Intermediates.noindex/Pantry.build/Debug-iphonesimulator/Pantry.build/Objects-normal/arm64/Binary/Pantry.debug.dylib -Xlinker -add_ast_path -Xlinker /Users/runner/work/Super-Chef/Super-Chef/build/Build/Intermediates.noindex/Pantry.build/Debug-iphonesimulator/PantryUI.build/Objects-normal/arm64/PantryUI.swiftmodule -Xlinker -add_ast_path -Xlinker /Users/runner/work/Super-Chef/Super-Chef/build/Build/Intermediates.noindex/Pantry.build/Debug-iphonesimulator/PantryScoring.build/Objects-normal/arm64/PantryScoring.swiftmodule -Xlinker -add_ast_path -Xlinker /Users/runner/work/Super-Chef/Super-Chef/build/Build/Intermediates.noindex/Pantry.build/Debug-iphonesimulator/PantryGame.build/Objects-normal/arm64/PantryGame.swiftmodule

Copy /Users/runner/work/Super-Chef/Super-Chef/build/Build/Products/Debug-iphonesimulator/Pantry.app/Pantry_PantryScoring.bundle /Users/runner/work/Super-Chef/Super-Chef/build/Build/Products/Debug-iphonesimulator/Pantry_PantryScoring.bundle (in target 'Pantry' from project 'Pantry' at path '/Users/runner/work/Super-Chef/Super-Chef/App/Pantry.xcodeproj')
    cd /Users/runner/work/Super-Chef/Super-Chef/App
    builtin-copy -exclude .DS_Store -exclude CVS -exclude .svn -exclude .git -exclude .hg -resolve-src-symlinks /Users/runner/work/Super-Chef/Super-Chef/build/Build/Products/Debug-iphonesimulator/Pantry_PantryScoring.bundle /Users/runner/work/Super-Chef/Super-Chef/build/Build/Products/Debug-iphonesimulator/Pantry.app

CreateUniversalBinary /Users/runner/work/Super-Chef/Super-Chef/build/Build/Products/Debug-iphonesimulator/Pantry.app/__preview.dylib normal arm64\ x86_64 (in target 'Pantry' from project 'Pantry' at path '/Users/runner/work/Super-Chef/Super-Chef/App/Pantry.xcodeproj')
    cd /Users/runner/work/Super-Chef/Super-Chef/App
    /Applications/Xcode_16.4.app/Contents/Developer/Toolchains/XcodeDefault.xctoolchain/usr/bin/lipo -create /Users/runner/work/Super-Chef/Super-Chef/build/Build/Intermediates.noindex/Pantry.build/Debug-iphonesimulator/Pantry.build/Objects-normal/arm64/Binary/__preview.dylib /Users/runner/work/Super-Chef/Super-Chef/build/Build/Intermediates.noindex/Pantry.build/Debug-iphonesimulator/Pantry.build/Objects-normal/x86_64/Binary/__preview.dylib -output /Users/runner/work/Super-Chef/Super-Chef/build/Build/Products/Debug-iphonesimulator/Pantry.app/__preview.dylib

ProcessInfoPlistFile /Users/runner/work/Super-Chef/Super-Chef/build/Build/Products/Debug-iphonesimulator/Pantry.app/Info.plist /Users/runner/work/Super-Chef/Super-Chef/build/Build/Intermediates.noindex/Pantry.build/Debug-iphonesimulator/Pantry.build/empty-Pantry.plist (in target 'Pantry' from project 'Pantry' at path '/Users/runner/work/Super-Chef/Super-Chef/App/Pantry.xcodeproj')
    cd /Users/runner/work/Super-Chef/Super-Chef/App
    builtin-infoPlistUtility /Users/runner/work/Super-Chef/Super-Chef/build/Build/Intermediates.noindex/Pantry.build/Debug-iphonesimulator/Pantry.build/empty-Pantry.plist -producttype com.apple.product-type.application -genpkginfo /Users/runner/work/Super-Chef/Super-Chef/build/Build/Products/Debug-iphonesimulator/Pantry.app/PkgInfo -expandbuildsettings -format binary -platform iphonesimulator -additionalcontentfile /Users/runner/work/Super-Chef/Super-Chef/build/Build/Intermediates.noindex/Pantry.build/Debug-iphonesimulator/Pantry.build/assetcatalog_generated_info.plist -scanforprivacyfile /Users/runner/work/Super-Chef/Super-Chef/build/Build/Products/Debug-iphonesimulator/Pantry.app/Pantry_PantryScoring.bundle -o /Users/runner/work/Super-Chef/Super-Chef/build/Build/Products/Debug-iphonesimulator/Pantry.app/Info.plist

ConstructStubExecutorLinkFileList /Users/runner/work/Super-Chef/Super-Chef/build/Build/Intermediates.noindex/Pantry.build/Debug-iphonesimulator/Pantry.build/Pantry-ExecutorLinkFileList-normal-arm64.txt (in target 'Pantry' from project 'Pantry' at path '/Users/runner/work/Super-Chef/Super-Chef/App/Pantry.xcodeproj')
    cd /Users/runner/work/Super-Chef/Super-Chef/App
    construct-stub-executor-link-file-list /Users/runner/work/Super-Chef/Super-Chef/build/Build/Intermediates.noindex/Pantry.build/Debug-iphonesimulator/Pantry.build/Objects-normal/arm64/Binary/Pantry.debug.dylib /Applications/Xcode_16.4.app/Contents/Developer/Platforms/iPhoneSimulator.platform/Developer/usr/lib/libPreviewsJITStubExecutor_no_swift_entry_point.a /Applications/Xcode_16.4.app/Contents/Developer/Platforms/iPhoneSimulator.platform/Developer/usr/lib/libPreviewsJITStubExecutor.a --output /Users/runner/work/Super-Chef/Super-Chef/build/Build/Intermediates.noindex/Pantry.build/Debug-iphonesimulator/Pantry.build/Pantry-ExecutorLinkFileList-normal-arm64.txt
note: Using stub executor library with Swift entry point. (in target 'Pantry' from project 'Pantry' at path '/Users/runner/work/Super-Chef/Super-Chef/App/Pantry.xcodeproj')

CreateUniversalBinary /Users/runner/work/Super-Chef/Super-Chef/build/Build/Products/Debug-iphonesimulator/Pantry.app/Pantry.debug.dylib normal arm64\ x86_64 (in target 'Pantry' from project 'Pantry' at path '/Users/runner/work/Super-Chef/Super-Chef/App/Pantry.xcodeproj')
    cd /Users/runner/work/Super-Chef/Super-Chef/App
    /Applications/Xcode_16.4.app/Contents/Developer/Toolchains/XcodeDefault.xctoolchain/usr/bin/lipo -create /Users/runner/work/Super-Chef/Super-Chef/build/Build/Intermediates.noindex/Pantry.build/Debug-iphonesimulator/Pantry.build/Objects-normal/arm64/Binary/Pantry.debug.dylib /Users/runner/work/Super-Chef/Super-Chef/build/Build/Intermediates.noindex/Pantry.build/Debug-iphonesimulator/Pantry.build/Objects-normal/x86_64/Binary/Pantry.debug.dylib -output /Users/runner/work/Super-Chef/Super-Chef/build/Build/Products/Debug-iphonesimulator/Pantry.app/Pantry.debug.dylib

ConstructStubExecutorLinkFileList /Users/runner/work/Super-Chef/Super-Chef/build/Build/Intermediates.noindex/Pantry.build/Debug-iphonesimulator/Pantry.build/Pantry-ExecutorLinkFileList-normal-x86_64.txt (in target 'Pantry' from project 'Pantry' at path '/Users/runner/work/Super-Chef/Super-Chef/App/Pantry.xcodeproj')
    cd /Users/runner/work/Super-Chef/Super-Chef/App
    construct-stub-executor-link-file-list /Users/runner/work/Super-Chef/Super-Chef/build/Build/Intermediates.noindex/Pantry.build/Debug-iphonesimulator/Pantry.build/Objects-normal/x86_64/Binary/Pantry.debug.dylib /Applications/Xcode_16.4.app/Contents/Developer/Platforms/iPhoneSimulator.platform/Developer/usr/lib/libPreviewsJITStubExecutor_no_swift_entry_point.a /Applications/Xcode_16.4.app/Contents/Developer/Platforms/iPhoneSimulator.platform/Developer/usr/lib/libPreviewsJITStubExecutor.a --output /Users/runner/work/Super-Chef/Super-Chef/build/Build/Intermediates.noindex/Pantry.build/Debug-iphonesimulator/Pantry.build/Pantry-ExecutorLinkFileList-normal-x86_64.txt
note: Using stub executor library with Swift entry point. (in target 'Pantry' from project 'Pantry' at path '/Users/runner/work/Super-Chef/Super-Chef/App/Pantry.xcodeproj')

Ld /Users/runner/work/Super-Chef/Super-Chef/build/Build/Intermediates.noindex/Pantry.build/Debug-iphonesimulator/Pantry.build/Objects-normal/arm64/Binary/Pantry normal arm64 (in target 'Pantry' from project 'Pantry' at path '/Users/runner/work/Super-Chef/Super-Chef/App/Pantry.xcodeproj')
    cd /Users/runner/work/Super-Chef/Super-Chef/App
    /Applications/Xcode_16.4.app/Contents/Developer/Toolchains/XcodeDefault.xctoolchain/usr/bin/clang -Xlinker -reproducible -target arm64-apple-ios17.0-simulator -isysroot /Applications/Xcode_16.4.app/Contents/Developer/Platforms/iPhoneSimulator.platform/Developer/SDKs/iPhoneSimulator18.5.sdk -O0 -L/Users/runner/work/Super-Chef/Super-Chef/build/Build/Products/Debug-iphonesimulator -F/Users/runner/work/Super-Chef/Super-Chef/build/Build/Products/Debug-iphonesimulator/PackageFrameworks -F/Users/runner/work/Super-Chef/Super-Chef/build/Build/Products/Debug-iphonesimulator/PackageFrameworks -F/Users/runner/work/Super-Chef/Super-Chef/build/Build/Products/Debug-iphonesimulator/PackageFrameworks -F/Users/runner/work/Super-Chef/Super-Chef/build/Build/Products/Debug-iphonesimulator -Xlinker -rpath -Xlinker @executable_path -Xlinker -rpath -Xlinker /Users/runner/work/Super-Chef/Super-Chef/build/Build/Products/Debug-iphonesimulator/PackageFrameworks -Xlinker -rpath -Xlinker @executable_path/Frameworks -rdynamic -Xlinker -no_deduplicate -Xlinker -objc_abi_version -Xlinker 2 -e ___debug_blank_executor_main -Xlinker -sectcreate -Xlinker __TEXT -Xlinker __debug_dylib -Xlinker /Users/runner/work/Super-Chef/Super-Chef/build/Build/Intermediates.noindex/Pantry.build/Debug-iphonesimulator/Pantry.build/Pantry-DebugDylibPath-normal-arm64.txt -Xlinker -sectcreate -Xlinker __TEXT -Xlinker __debug_instlnm -Xlinker /Users/runner/work/Super-Chef/Super-Chef/build/Build/Intermediates.noindex/Pantry.build/Debug-iphonesimulator/Pantry.build/Pantry-DebugDylibInstallName-normal-arm64.txt -Xlinker -filelist -Xlinker /Users/runner/work/Super-Chef/Super-Chef/build/Build/Intermediates.noindex/Pantry.build/Debug-iphonesimulator/Pantry.build/Pantry-ExecutorLinkFileList-normal-arm64.txt /Users/runner/work/Super-Chef/Super-Chef/build/Build/Intermediates.noindex/Pantry.build/Debug-iphonesimulator/Pantry.build/Objects-normal/arm64/Binary/Pantry.debug.dylib -o /Users/runner/work/Super-Chef/Super-Chef/build/Build/Intermediates.noindex/Pantry.build/Debug-iphonesimulator/Pantry.build/Objects-normal/arm64/Binary/Pantry

Ld /Users/runner/work/Super-Chef/Super-Chef/build/Build/Intermediates.noindex/Pantry.build/Debug-iphonesimulator/Pantry.build/Objects-normal/x86_64/Binary/Pantry normal x86_64 (in target 'Pantry' from project 'Pantry' at path '/Users/runner/work/Super-Chef/Super-Chef/App/Pantry.xcodeproj')
    cd /Users/runner/work/Super-Chef/Super-Chef/App
    /Applications/Xcode_16.4.app/Contents/Developer/Toolchains/XcodeDefault.xctoolchain/usr/bin/clang -Xlinker -reproducible -target x86_64-apple-ios17.0-simulator -isysroot /Applications/Xcode_16.4.app/Contents/Developer/Platforms/iPhoneSimulator.platform/Developer/SDKs/iPhoneSimulator18.5.sdk -O0 -L/Users/runner/work/Super-Chef/Super-Chef/build/Build/Products/Debug-iphonesimulator -F/Users/runner/work/Super-Chef/Super-Chef/build/Build/Products/Debug-iphonesimulator/PackageFrameworks -F/Users/runner/work/Super-Chef/Super-Chef/build/Build/Products/Debug-iphonesimulator/PackageFrameworks -F/Users/runner/work/Super-Chef/Super-Chef/build/Build/Products/Debug-iphonesimulator/PackageFrameworks -F/Users/runner/work/Super-Chef/Super-Chef/build/Build/Products/Debug-iphonesimulator -Xlinker -rpath -Xlinker @executable_path -Xlinker -rpath -Xlinker /Users/runner/work/Super-Chef/Super-Chef/build/Build/Products/Debug-iphonesimulator/PackageFrameworks -Xlinker -rpath -Xlinker @executable_path/Frameworks -rdynamic -Xlinker -no_deduplicate -Xlinker -objc_abi_version -Xlinker 2 -e ___debug_blank_executor_main -Xlinker -sectcreate -Xlinker __TEXT -Xlinker __debug_dylib -Xlinker /Users/runner/work/Super-Chef/Super-Chef/build/Build/Intermediates.noindex/Pantry.build/Debug-iphonesimulator/Pantry.build/Pantry-DebugDylibPath-normal-x86_64.txt -Xlinker -sectcreate -Xlinker __TEXT -Xlinker __debug_instlnm -Xlinker /Users/runner/work/Super-Chef/Super-Chef/build/Build/Intermediates.noindex/Pantry.build/Debug-iphonesimulator/Pantry.build/Pantry-DebugDylibInstallName-normal-x86_64.txt -Xlinker -filelist -Xlinker /Users/runner/work/Super-Chef/Super-Chef/build/Build/Intermediates.noindex/Pantry.build/Debug-iphonesimulator/Pantry.build/Pantry-ExecutorLinkFileList-normal-x86_64.txt /Users/runner/work/Super-Chef/Super-Chef/build/Build/Intermediates.noindex/Pantry.build/Debug-iphonesimulator/Pantry.build/Objects-normal/x86_64/Binary/Pantry.debug.dylib -o /Users/runner/work/Super-Chef/Super-Chef/build/Build/Intermediates.noindex/Pantry.build/Debug-iphonesimulator/Pantry.build/Objects-normal/x86_64/Binary/Pantry

CreateUniversalBinary /Users/runner/work/Super-Chef/Super-Chef/build/Build/Products/Debug-iphonesimulator/Pantry.app/Pantry normal arm64\ x86_64 (in target 'Pantry' from project 'Pantry' at path '/Users/runner/work/Super-Chef/Super-Chef/App/Pantry.xcodeproj')
    cd /Users/runner/work/Super-Chef/Super-Chef/App
    /Applications/Xcode_16.4.app/Contents/Developer/Toolchains/XcodeDefault.xctoolchain/usr/bin/lipo -create /Users/runner/work/Super-Chef/Super-Chef/build/Build/Intermediates.noindex/Pantry.build/Debug-iphonesimulator/Pantry.build/Objects-normal/arm64/Binary/Pantry /Users/runner/work/Super-Chef/Super-Chef/build/Build/Intermediates.noindex/Pantry.build/Debug-iphonesimulator/Pantry.build/Objects-normal/x86_64/Binary/Pantry -output /Users/runner/work/Super-Chef/Super-Chef/build/Build/Products/Debug-iphonesimulator/Pantry.app/Pantry

ExtractAppIntentsMetadata (in target 'Pantry' from project 'Pantry' at path '/Users/runner/work/Super-Chef/Super-Chef/App/Pantry.xcodeproj')
    cd /Users/runner/work/Super-Chef/Super-Chef/App
    /Applications/Xcode_16.4.app/Contents/Developer/Toolchains/XcodeDefault.xctoolchain/usr/bin/appintentsmetadataprocessor --toolchain-dir /Applications/Xcode_16.4.app/Contents/Developer/Toolchains/XcodeDefault.xctoolchain --module-name Pantry --sdk-root /Applications/Xcode_16.4.app/Contents/Developer/Platforms/iPhoneSimulator.platform/Developer/SDKs/iPhoneSimulator18.5.sdk --xcode-version 16F6 --platform-family iOS --deployment-target 17.0 --bundle-identifier ai.skasiehi.pantry --output /Users/runner/work/Super-Chef/Super-Chef/build/Build/Products/Debug-iphonesimulator/Pantry.app --target-triple arm64-apple-ios17.0-simulator --target-triple x86_64-apple-ios17.0-simulator --binary-file /Users/runner/work/Super-Chef/Super-Chef/build/Build/Products/Debug-iphonesimulator/Pantry.app/Pantry --dependency-file /Users/runner/work/Super-Chef/Super-Chef/build/Build/Intermediates.noindex/Pantry.build/Debug-iphonesimulator/Pantry.build/Objects-normal/arm64/Pantry_dependency_info.dat --dependency-file /Users/runner/work/Super-Chef/Super-Chef/build/Build/Intermediates.noindex/Pantry.build/Debug-iphonesimulator/Pantry.build/Objects-normal/x86_64/Pantry_dependency_info.dat --stringsdata-file /Users/runner/work/Super-Chef/Super-Chef/build/Build/Intermediates.noindex/Pantry.build/Debug-iphonesimulator/Pantry.build/Objects-normal/arm64/ExtractedAppShortcutsMetadata.stringsdata --stringsdata-file /Users/runner/work/Super-Chef/Super-Chef/build/Build/Intermediates.noindex/Pantry.build/Debug-iphonesimulator/Pantry.build/Objects-normal/x86_64/ExtractedAppShortcutsMetadata.stringsdata --source-file-list /Users/runner/work/Super-Chef/Super-Chef/build/Build/Intermediates.noindex/Pantry.build/Debug-iphonesimulator/Pantry.build/Objects-normal/arm64/Pantry.SwiftFileList --source-file-list /Users/runner/work/Super-Chef/Super-Chef/build/Build/Intermediates.noindex/Pantry.build/Debug-iphonesimulator/Pantry.build/Objects-normal/x86_64/Pantry.SwiftFileList --metadata-file-list /Users/runner/work/Super-Chef/Super-Chef/build/Build/Intermediates.noindex/Pantry.build/Debug-iphonesimulator/Pantry.build/Pantry.DependencyMetadataFileList --static-metadata-file-list /Users/runner/work/Super-Chef/Super-Chef/build/Build/Intermediates.noindex/Pantry.build/Debug-iphonesimulator/Pantry.build/Pantry.DependencyStaticMetadataFileList --swift-const-vals-list /Users/runner/work/Super-Chef/Super-Chef/build/Build/Intermediates.noindex/Pantry.build/Debug-iphonesimulator/Pantry.build/Objects-normal/arm64/Pantry.SwiftConstValuesFileList --swift-const-vals-list /Users/runner/work/Super-Chef/Super-Chef/build/Build/Intermediates.noindex/Pantry.build/Debug-iphonesimulator/Pantry.build/Objects-normal/x86_64/Pantry.SwiftConstValuesFileList --compile-time-extraction --deployment-aware-processing --validate-assistant-intents --no-app-shortcuts-localization
2026-10-09 15:40:38.494 appintentsmetadataprocessor[4182:16395] Starting appintentsmetadataprocessor export
2026-10-09 15:40:38.499 appintentsmetadataprocessor[4182:16395] warning: Metadata extraction skipped. No AppIntents.framework dependency found.

CopySwiftLibs /Users/runner/work/Super-Chef/Super-Chef/build/Build/Products/Debug-iphonesimulator/Pantry.app (in target 'Pantry' from project 'Pantry' at path '/Users/runner/work/Super-Chef/Super-Chef/App/Pantry.xcodeproj')
    cd /Users/runner/work/Super-Chef/Super-Chef/App
    builtin-swiftStdLibTool --copy --verbose --scan-executable /Users/runner/work/Super-Chef/Super-Chef/build/Build/Products/Debug-iphonesimulator/Pantry.app/Pantry.debug.dylib --scan-folder /Users/runner/work/Super-Chef/Super-Chef/build/Build/Products/Debug-iphonesimulator/Pantry.app/Frameworks --scan-folder /Users/runner/work/Super-Chef/Super-Chef/build/Build/Products/Debug-iphonesimulator/Pantry.app/PlugIns --scan-folder /Users/runner/work/Super-Chef/Super-Chef/build/Build/Products/Debug-iphonesimulator/Pantry.app/SystemExtensions --scan-folder /Users/runner/work/Super-Chef/Super-Chef/build/Build/Products/Debug-iphonesimulator/Pantry.app/Extensions --platform iphonesimulator --toolchain /Applications/Xcode_16.4.app/Contents/Developer/Toolchains/XcodeDefault.xctoolchain --destination /Users/runner/work/Super-Chef/Super-Chef/build/Build/Products/Debug-iphonesimulator/Pantry.app/Frameworks --strip-bitcode --strip-bitcode-tool /Applications/Xcode_16.4.app/Contents/Developer/Toolchains/XcodeDefault.xctoolchain/usr/bin/bitcode_strip --emit-dependency-info /Users/runner/work/Super-Chef/Super-Chef/build/Build/Intermediates.noindex/Pantry.build/Debug-iphonesimulator/Pantry.build/SwiftStdLibToolInputDependencies.dep --filter-for-swift-os
Ignoring --strip-bitcode because --sign was not passed

AppIntentsSSUTraining (in target 'Pantry' from project 'Pantry' at path '/Users/runner/work/Super-Chef/Super-Chef/App/Pantry.xcodeproj')
    cd /Users/runner/work/Super-Chef/Super-Chef/App
    /Applications/Xcode_16.4.app/Contents/Developer/Toolchains/XcodeDefault.xctoolchain/usr/bin/appintentsnltrainingprocessor --infoplist-path /Users/runner/work/Super-Chef/Super-Chef/build/Build/Products/Debug-iphonesimulator/Pantry.app/Info.plist --temp-dir-path /Users/runner/work/Super-Chef/Super-Chef/build/Build/Intermediates.noindex/Pantry.build/Debug-iphonesimulator/Pantry.build/ssu --bundle-id ai.skasiehi.pantry --product-path /Users/runner/work/Super-Chef/Super-Chef/build/Build/Products/Debug-iphonesimulator/Pantry.app --extracted-metadata-path /Users/runner/work/Super-Chef/Super-Chef/build/Build/Products/Debug-iphonesimulator/Pantry.app/Metadata.appintents --metadata-file-list /Users/runner/work/Super-Chef/Super-Chef/build/Build/Intermediates.noindex/Pantry.build/Debug-iphonesimulator/Pantry.build/Pantry.DependencyMetadataFileList --archive-ssu-assets
2026-10-09 15:40:38.535 appintentsnltrainingprocessor[4189:16409] Parsing options for appintentsnltrainingprocessor
2026-10-09 15:40:38.537 appintentsnltrainingprocessor[4189:16409] No AppShortcuts found - Skipping.

RegisterExecutionPolicyException /Users/runner/work/Super-Chef/Super-Chef/build/Build/Products/Debug-iphonesimulator/Pantry.app (in target 'Pantry' from project 'Pantry' at path '/Users/runner/work/Super-Chef/Super-Chef/App/Pantry.xcodeproj')
    cd /Users/runner/work/Super-Chef/Super-Chef/App
    builtin-RegisterExecutionPolicyException /Users/runner/work/Super-Chef/Super-Chef/build/Build/Products/Debug-iphonesimulator/Pantry.app

Validate /Users/runner/work/Super-Chef/Super-Chef/build/Build/Products/Debug-iphonesimulator/Pantry.app (in target 'Pantry' from project 'Pantry' at path '/Users/runner/work/Super-Chef/Super-Chef/App/Pantry.xcodeproj')
    cd /Users/runner/work/Super-Chef/Super-Chef/App
    builtin-validationUtility /Users/runner/work/Super-Chef/Super-Chef/build/Build/Products/Debug-iphonesimulator/Pantry.app -infoplist-subpath Info.plist

Touch /Users/runner/work/Super-Chef/Super-Chef/build/Build/Products/Debug-iphonesimulator/Pantry.app (in target 'Pantry' from project 'Pantry' at path '/Users/runner/work/Super-Chef/Super-Chef/App/Pantry.xcodeproj')
    cd /Users/runner/work/Super-Chef/Super-Chef/App
    /usr/bin/touch -c /Users/runner/work/Super-Chef/Super-Chef/build/Build/Products/Debug-iphonesimulator/Pantry.app

** BUILD SUCCEEDED **

